<?xml version="1.0" encoding="UTF-8"?>
<config xmlns="http://www.knime.org/2008/09/XMLConfig" xmlns:xsi="http://www.w3.org/2001/XMLSchema-instance" xsi:schemaLocation="http://www.knime.org/2008/09/XMLConfig http://www.knime.org/XMLConfig_2008_09.xsd" key="model.xml">
<entry key="version" type="xint" value="1"/>
<entry key="class_name" type="xstring" value="org.knime.base.data.normalize.NormalizerPortObject"/>
<config key="model">
<config key="columns">
<config key="Alcohol">
<entry key="column_name" type="xstring" value="Alcohol"/>
<entry key="column_scale" type="xdouble" value="1.2390113709031785"/>
<entry key="column_translate" type="xdouble" value="-16.142932932764303"/>
<entry key="column_min" type="xdouble" value="NaN"/>
<entry key="column_max" type="xdouble" value="NaN"/>
</config>
<config key="Malic acid">
<entry key="column_name" type="xstring" value="Malic acid"/>
<entry key="column_scale" type="xdouble" value="0.9308581486595051"/>
<entry key="column_translate" type="xdouble" value="-2.1357123697722646"/>
<entry key="column_min" type="xdouble" value="NaN"/>
<entry key="column_max" type="xdouble" value="NaN"/>
</config>
<config key="Ash">
<entry key="column_name" type="xstring" value="Ash"/>
<entry key="column_scale" type="xdouble" value="3.634824092620795"/>
<entry key="column_translate" type="xdouble" value="-8.590827724994194"/>
<entry key="column_min" type="xdouble" value="NaN"/>
<entry key="column_max" type="xdouble" value="NaN"/>
</config>
<config key="Alcalinity of ash">
<entry key="column_name" type="xstring" value="Alcalinity of ash"/>
<entry key="column_scale" type="xdouble" value="0.30044905437731223"/>
<entry key="column_translate" type="xdouble" value="-5.825165982849565"/>
<entry key="column_min" type="xdouble" value="NaN"/>
<entry key="column_max" type="xdouble" value="NaN"/>
</config>
<config key="Magnesium">
<entry key="column_name" type="xstring" value="Magnesium"/>
<entry key="column_scale" type="xdouble" value="0.06847688826857792"/>
<entry key="column_translate" type="xdouble" value="-6.8587472063297374"/>
<entry key="column_min" type="xdouble" value="NaN"/>
<entry key="column_max" type="xdouble" value="NaN"/>
</config>
<config key="Total phenols">
<entry key="column_name" type="xstring" value="Total phenols"/>
<entry key="column_scale" type="xdouble" value="1.6238255156120192"/>
<entry key="column_translate" type="xdouble" value="-3.746599157045943"/>
<entry key="column_min" type="xdouble" value="NaN"/>
<entry key="column_max" type="xdouble" value="NaN"/>
</config>
<config key="Flavanoids">
<entry key="column_name" type="xstring" value="Flavanoids"/>
<entry key="column_scale" type="xdouble" value="1.0409511681371295"/>
<entry key="column_translate" type="xdouble" value="-2.132074889471427"/>
<entry key="column_min" type="xdouble" value="NaN"/>
<entry key="column_max" type="xdouble" value="NaN"/>
</config>
<config key="Nonflavanoid phenols">
<entry key="column_name" type="xstring" value="Nonflavanoid phenols"/>
<entry key="column_scale" type="xdouble" value="8.165853450287576"/>
<entry key="column_translate" type="xdouble" value="-2.932606499972842"/>
<entry key="column_min" type="xdouble" value="NaN"/>
<entry key="column_max" type="xdouble" value="NaN"/>
</config>
<config key="Proanthocyanins">
<entry key="column_name" type="xstring" value="Proanthocyanins"/>
<entry key="column_scale" type="xdouble" value="1.7640773173912445"/>
<entry key="column_translate" type="xdouble" value="-2.8051020746915065"/>
<entry key="column_min" type="xdouble" value="NaN"/>
<entry key="column_max" type="xdouble" value="NaN"/>
</config>
<config key="Color intensity">
<entry key="column_name" type="xstring" value="Color intensity"/>
<entry key="column_scale" type="xdouble" value="0.42756203931154413"/>
<entry key="column_translate" type="xdouble" value="-2.1441306762223133"/>
<entry key="column_min" type="xdouble" value="NaN"/>
<entry key="column_max" type="xdouble" value="NaN"/>
</config>
<config key="Hue">
<entry key="column_name" type="xstring" value="Hue"/>
<entry key="column_scale" type="xdouble" value="4.568234238217878"/>
<entry key="column_translate" type="xdouble" value="-4.404402036407501"/>
<entry key="column_min" type="xdouble" value="NaN"/>
<entry key="column_max" type="xdouble" value="NaN"/>
</config>
<config key="OD280/OD315 of diluted wines">
<entry key="column_name" type="xstring" value="OD280/OD315 of diluted wines"/>
<entry key="column_scale" type="xdouble" value="1.4492310742703738"/>
<entry key="column_translate" type="xdouble" value="-3.8202091175176807"/>
<entry key="column_min" type="xdouble" value="NaN"/>
<entry key="column_max" type="xdouble" value="NaN"/>
</config>
<config key="Proline">
<entry key="column_name" type="xstring" value="Proline"/>
<entry key="column_scale" type="xdouble" value="0.003144786166919744"/>
<entry key="column_translate" type="xdouble" value="-2.3793139613581427"/>
<entry key="column_min" type="xdouble" value="NaN"/>
<entry key="column_max" type="xdouble" value="NaN"/>
</config>
</config>
<entry key="summary" type="xstring" value="Z-Score (Gaussian) normalization on 13 column(s)"/>
</config>
</config>
