<?xml version="1.0" encoding="UTF-8"?>
<config xmlns="http://www.knime.org/2008/09/XMLConfig" xmlns:xsi="http://www.w3.org/2001/XMLSchema-instance" xsi:schemaLocation="http://www.knime.org/2008/09/XMLConfig http://www.knime.org/XMLConfig_2008_09.xsd" key="model.xml">
<entry key="version" type="xint" value="1"/>
<entry key="class_name" type="xstring" value="org.knime.base.node.mine.bfn.fuzzy.FuzzyBasisFunctionPortObject"/>
<config key="model">
<config key="rules">
<config key="Rule_1">
<entry key="row_id" type="xstring" value="Rule_1"/>
<config key="class_label">
<entry key="datacell" type="xstring" value="org.knime.core.data.def.StringCell"/>
<config key="org.knime.core.data.def.StringCell">
<entry key="StringCell" type="xstring" value="1"/>
</config>
</config>
<entry key="dont_know_class" type="xdouble" value="0.0"/>
<entry key="correct_covered" type="xint" value="25"/>
<entry key="wrong_covered" type="xint" value="0"/>
<entry key="within-cluster_variance" type="xdouble" value="1124392.3806000003"/>
<entry key="norm" type="xint" value="0"/>
<config key="membership_functions">
<config key="0">
<entry key="is_missing" type="xboolean" value="false"/>
<entry key="min" type="xdouble" value="11.03"/>
<entry key="max" type="xdouble" value="14.83"/>
<entry key="is_support_left_max" type="xboolean" value="false"/>
<entry key="support_left" type="xdouble" value="11.45"/>
<entry key="core_left" type="xdouble" value="12.85"/>
<entry key="anchor" type="xdouble" value="14.23"/>
<entry key="core_right" type="xdouble" value="14.75"/>
<entry key="is_support_right_max" type="xboolean" value="true"/>
</config>
<config key="1">
<entry key="is_missing" type="xboolean" value="false"/>
<entry key="min" type="xdouble" value="0.74"/>
<entry key="max" type="xdouble" value="5.8"/>
<entry key="is_support_left_max" type="xboolean" value="false"/>
<entry key="support_left" type="xdouble" value="1.07"/>
<entry key="core_left" type="xdouble" value="1.35"/>
<entry key="anchor" type="xdouble" value="1.71"/>
<entry key="core_right" type="xdouble" value="4.04"/>
<entry key="is_support_right_max" type="xboolean" value="true"/>
</config>
<config key="2">
<entry key="is_missing" type="xboolean" value="false"/>
<entry key="min" type="xdouble" value="1.36"/>
<entry key="max" type="xdouble" value="3.23"/>
<entry key="is_support_left_max" type="xboolean" value="true"/>
<entry key="core_left" type="xdouble" value="2.04"/>
<entry key="anchor" type="xdouble" value="2.43"/>
<entry key="core_right" type="xdouble" value="3.22"/>
<entry key="is_support_right_max" type="xboolean" value="true"/>
</config>
<config key="3">
<entry key="is_missing" type="xboolean" value="false"/>
<entry key="min" type="xdouble" value="10.6"/>
<entry key="max" type="xdouble" value="30.0"/>
<entry key="is_support_left_max" type="xboolean" value="true"/>
<entry key="core_left" type="xdouble" value="11.2"/>
<entry key="anchor" type="xdouble" value="15.6"/>
<entry key="core_right" type="xdouble" value="25.0"/>
<entry key="is_support_right_max" type="xboolean" value="false"/>
<entry key="support_right" type="xdouble" value="30.0"/>
</config>
<config key="4">
<entry key="is_missing" type="xboolean" value="false"/>
<entry key="min" type="xdouble" value="70.0"/>
<entry key="max" type="xdouble" value="162.0"/>
<entry key="is_support_left_max" type="xboolean" value="false"/>
<entry key="support_left" type="xdouble" value="70.0"/>
<entry key="core_left" type="xdouble" value="90.0"/>
<entry key="anchor" type="xdouble" value="127.0"/>
<entry key="core_right" type="xdouble" value="127.0"/>
<entry key="is_support_right_max" type="xboolean" value="true"/>
</config>
<config key="5">
<entry key="is_missing" type="xboolean" value="false"/>
<entry key="min" type="xdouble" value="0.98"/>
<entry key="max" type="xdouble" value="3.88"/>
<entry key="is_support_left_max" type="xboolean" value="true"/>
<entry key="core_left" type="xdouble" value="2.4"/>
<entry key="anchor" type="xdouble" value="2.8"/>
<entry key="core_right" type="xdouble" value="3.3"/>
<entry key="is_support_right_max" type="xboolean" value="true"/>
</config>
<config key="6">
<entry key="is_missing" type="xboolean" value="false"/>
<entry key="min" type="xdouble" value="0.34"/>
<entry key="max" type="xdouble" value="5.08"/>
<entry key="is_support_left_max" type="xboolean" value="false"/>
<entry key="support_left" type="xdouble" value="1.1"/>
<entry key="core_left" type="xdouble" value="2.19"/>
<entry key="anchor" type="xdouble" value="3.06"/>
<entry key="core_right" type="xdouble" value="3.69"/>
<entry key="is_support_right_max" type="xboolean" value="true"/>
</config>
<config key="7">
<entry key="is_missing" type="xboolean" value="false"/>
<entry key="min" type="xdouble" value="0.13"/>
<entry key="max" type="xdouble" value="0.66"/>
<entry key="is_support_left_max" type="xboolean" value="false"/>
<entry key="support_left" type="xdouble" value="0.13"/>
<entry key="core_left" type="xdouble" value="0.17"/>
<entry key="anchor" type="xdouble" value="0.28"/>
<entry key="core_right" type="xdouble" value="0.47"/>
<entry key="is_support_right_max" type="xboolean" value="false"/>
<entry key="support_right" type="xdouble" value="0.6"/>
</config>
<config key="8">
<entry key="is_missing" type="xboolean" value="false"/>
<entry key="min" type="xdouble" value="0.41"/>
<entry key="max" type="xdouble" value="3.58"/>
<entry key="is_support_left_max" type="xboolean" value="false"/>
<entry key="support_left" type="xdouble" value="0.41"/>
<entry key="core_left" type="xdouble" value="1.25"/>
<entry key="anchor" type="xdouble" value="2.29"/>
<entry key="core_right" type="xdouble" value="2.96"/>
<entry key="is_support_right_max" type="xboolean" value="true"/>
</config>
<config key="9">
<entry key="is_missing" type="xboolean" value="false"/>
<entry key="min" type="xdouble" value="1.28"/>
<entry key="max" type="xdouble" value="13.0"/>
<entry key="is_support_left_max" type="xboolean" value="false"/>
<entry key="support_left" type="xdouble" value="2.94"/>
<entry key="core_left" type="xdouble" value="3.52"/>
<entry key="anchor" type="xdouble" value="5.64"/>
<entry key="core_right" type="xdouble" value="7.5"/>
<entry key="is_support_right_max" type="xboolean" value="true"/>
</config>
<config key="10">
<entry key="is_missing" type="xboolean" value="false"/>
<entry key="min" type="xdouble" value="0.48"/>
<entry key="max" type="xdouble" value="1.71"/>
<entry key="is_support_left_max" type="xboolean" value="true"/>
<entry key="core_left" type="xdouble" value="0.82"/>
<entry key="anchor" type="xdouble" value="1.04"/>
<entry key="core_right" type="xdouble" value="1.28"/>
<entry key="is_support_right_max" type="xboolean" value="true"/>
</config>
<config key="11">
<entry key="is_missing" type="xboolean" value="false"/>
<entry key="min" type="xdouble" value="1.27"/>
<entry key="max" type="xdouble" value="4.0"/>
<entry key="is_support_left_max" type="xboolean" value="false"/>
<entry key="support_left" type="xdouble" value="1.42"/>
<entry key="core_left" type="xdouble" value="2.51"/>
<entry key="anchor" type="xdouble" value="3.92"/>
<entry key="core_right" type="xdouble" value="3.92"/>
<entry key="is_support_right_max" type="xboolean" value="true"/>
</config>
<config key="12">
<entry key="is_missing" type="xboolean" value="false"/>
<entry key="min" type="xdouble" value="278.0"/>
<entry key="max" type="xdouble" value="1680.0"/>
<entry key="is_support_left_max" type="xboolean" value="false"/>
<entry key="support_left" type="xdouble" value="510.0"/>
<entry key="core_left" type="xdouble" value="680.0"/>
<entry key="anchor" type="xdouble" value="1065.0"/>
<entry key="core_right" type="xdouble" value="1547.0"/>
<entry key="is_support_right_max" type="xboolean" value="true"/>
</config>
</config>
</config>
<config key="Rule_2">
<entry key="row_id" type="xstring" value="Rule_2"/>
<config key="class_label">
<entry key="datacell" type="xstring" value="org.knime.core.data.def.StringCell"/>
<config key="org.knime.core.data.def.StringCell">
<entry key="StringCell" type="xstring" value="2"/>
</config>
</config>
<entry key="dont_know_class" type="xdouble" value="0.0"/>
<entry key="correct_covered" type="xint" value="2"/>
<entry key="wrong_covered" type="xint" value="0"/>
<entry key="within-cluster_variance" type="xdouble" value="105644.54460000001"/>
<entry key="norm" type="xint" value="0"/>
<config key="membership_functions">
<config key="0">
<entry key="is_missing" type="xboolean" value="false"/>
<entry key="min" type="xdouble" value="11.03"/>
<entry key="max" type="xdouble" value="14.83"/>
<entry key="is_support_left_max" type="xboolean" value="true"/>
<entry key="core_left" type="xdouble" value="12.17"/>
<entry key="anchor" type="xdouble" value="12.33"/>
<entry key="core_right" type="xdouble" value="12.33"/>
<entry key="is_support_right_max" type="xboolean" value="false"/>
<entry key="support_right" type="xdouble" value="14.75"/>
</config>
<config key="1">
<entry key="is_missing" type="xboolean" value="false"/>
<entry key="min" type="xdouble" value="0.74"/>
<entry key="max" type="xdouble" value="5.8"/>
<entry key="is_support_left_max" type="xboolean" value="true"/>
<entry key="core_left" type="xdouble" value="1.1"/>
<entry key="anchor" type="xdouble" value="1.1"/>
<entry key="core_right" type="xdouble" value="1.45"/>
<entry key="is_support_right_max" type="xboolean" value="false"/>
<entry key="support_right" type="xdouble" value="5.51"/>
</config>
<config key="2">
<entry key="is_missing" type="xboolean" value="false"/>
<entry key="min" type="xdouble" value="1.36"/>
<entry key="max" type="xdouble" value="3.23"/>
<entry key="is_support_left_max" type="xboolean" value="true"/>
<entry key="core_left" type="xdouble" value="2.28"/>
<entry key="anchor" type="xdouble" value="2.28"/>
<entry key="core_right" type="xdouble" value="2.53"/>
<entry key="is_support_right_max" type="xboolean" value="false"/>
<entry key="support_right" type="xdouble" value="3.22"/>
</config>
<config key="3">
<entry key="is_missing" type="xboolean" value="false"/>
<entry key="min" type="xdouble" value="10.6"/>
<entry key="max" type="xdouble" value="30.0"/>
<entry key="is_support_left_max" type="xboolean" value="false"/>
<entry key="support_left" type="xdouble" value="11.2"/>
<entry key="core_left" type="xdouble" value="16.0"/>
<entry key="anchor" type="xdouble" value="16.0"/>
<entry key="core_right" type="xdouble" value="19.0"/>
<entry key="is_support_right_max" type="xboolean" value="true"/>
</config>
<config key="4">
<entry key="is_missing" type="xboolean" value="false"/>
<entry key="min" type="xdouble" value="70.0"/>
<entry key="max" type="xdouble" value="162.0"/>
<entry key="is_support_left_max" type="xboolean" value="true"/>
<entry key="core_left" type="xdouble" value="101.0"/>
<entry key="anchor" type="xdouble" value="101.0"/>
<entry key="core_right" type="xdouble" value="104.0"/>
<entry key="is_support_right_max" type="xboolean" value="true"/>
</config>
<config key="5">
<entry key="is_missing" type="xboolean" value="false"/>
<entry key="min" type="xdouble" value="0.98"/>
<entry key="max" type="xdouble" value="3.88"/>
<entry key="is_support_left_max" type="xboolean" value="true"/>
<entry key="core_left" type="xdouble" value="1.89"/>
<entry key="anchor" type="xdouble" value="2.05"/>
<entry key="core_right" type="xdouble" value="2.05"/>
<entry key="is_support_right_max" type="xboolean" value="true"/>
</config>
<config key="6">
<entry key="is_missing" type="xboolean" value="false"/>
<entry key="min" type="xdouble" value="0.34"/>
<entry key="max" type="xdouble" value="5.08"/>
<entry key="is_support_left_max" type="xboolean" value="false"/>
<entry key="support_left" type="xdouble" value="0.83"/>
<entry key="core_left" type="xdouble" value="1.09"/>
<entry key="anchor" type="xdouble" value="1.09"/>
<entry key="core_right" type="xdouble" value="1.75"/>
<entry key="is_support_right_max" type="xboolean" value="true"/>
</config>
<config key="7">
<entry key="is_missing" type="xboolean" value="false"/>
<entry key="min" type="xdouble" value="0.13"/>
<entry key="max" type="xdouble" value="0.66"/>
<entry key="is_support_left_max" type="xboolean" value="false"/>
<entry key="support_left" type="xdouble" value="0.34"/>
<entry key="core_left" type="xdouble" value="0.45"/>
<entry key="anchor" type="xdouble" value="0.63"/>
<entry key="core_right" type="xdouble" value="0.63"/>
<entry key="is_support_right_max" type="xboolean" value="true"/>
</config>
<config key="8">
<entry key="is_missing" type="xboolean" value="false"/>
<entry key="min" type="xdouble" value="0.41"/>
<entry key="max" type="xdouble" value="3.58"/>
<entry key="is_support_left_max" type="xboolean" value="true"/>
<entry key="core_left" type="xdouble" value="0.41"/>
<entry key="anchor" type="xdouble" value="0.41"/>
<entry key="core_right" type="xdouble" value="1.03"/>
<entry key="is_support_right_max" type="xboolean" value="true"/>
</config>
<config key="9">
<entry key="is_missing" type="xboolean" value="false"/>
<entry key="min" type="xdouble" value="1.28"/>
<entry key="max" type="xdouble" value="13.0"/>
<entry key="is_support_left_max" type="xboolean" value="true"/>
<entry key="core_left" type="xdouble" value="2.95"/>
<entry key="anchor" type="xdouble" value="3.27"/>
<entry key="core_right" type="xdouble" value="3.27"/>
<entry key="is_support_right_max" type="xboolean" value="false"/>
<entry key="support_right" type="xdouble" value="7.3"/>
</config>
<config key="10">
<entry key="is_missing" type="xboolean" value="false"/>
<entry key="min" type="xdouble" value="0.48"/>
<entry key="max" type="xdouble" value="1.71"/>
<entry key="is_support_left_max" type="xboolean" value="false"/>
<entry key="support_left" type="xdouble" value="0.48"/>
<entry key="core_left" type="xdouble" value="1.25"/>
<entry key="anchor" type="xdouble" value="1.25"/>
<entry key="core_right" type="xdouble" value="1.45"/>
<entry key="is_support_right_max" type="xboolean" value="true"/>
</config>
<config key="11">
<entry key="is_missing" type="xboolean" value="false"/>
<entry key="min" type="xdouble" value="1.27"/>
<entry key="max" type="xdouble" value="4.0"/>
<entry key="is_support_left_max" type="xboolean" value="false"/>
<entry key="support_left" type="xdouble" value="1.42"/>
<entry key="core_left" type="xdouble" value="1.67"/>
<entry key="anchor" type="xdouble" value="1.67"/>
<entry key="core_right" type="xdouble" value="2.23"/>
<entry key="is_support_right_max" type="xboolean" value="false"/>
<entry key="support_right" type="xdouble" value="3.55"/>
</config>
<config key="12">
<entry key="is_missing" type="xboolean" value="false"/>
<entry key="min" type="xdouble" value="278.0"/>
<entry key="max" type="xdouble" value="1680.0"/>
<entry key="is_support_left_max" type="xboolean" value="true"/>
<entry key="core_left" type="xdouble" value="355.0"/>
<entry key="anchor" type="xdouble" value="680.0"/>
<entry key="core_right" type="xdouble" value="680.0"/>
<entry key="is_support_right_max" type="xboolean" value="false"/>
<entry key="support_right" type="xdouble" value="1547.0"/>
</config>
</config>
</config>
<config key="Rule_4">
<entry key="row_id" type="xstring" value="Rule_4"/>
<config key="class_label">
<entry key="datacell" type="xstring" value="org.knime.core.data.def.StringCell"/>
<config key="org.knime.core.data.def.StringCell">
<entry key="StringCell" type="xstring" value="2"/>
</config>
</config>
<entry key="dont_know_class" type="xdouble" value="0.0"/>
<entry key="correct_covered" type="xint" value="28"/>
<entry key="wrong_covered" type="xint" value="0"/>
<entry key="within-cluster_variance" type="xdouble" value="1059242.0316000003"/>
<entry key="norm" type="xint" value="0"/>
<config key="membership_functions">
<config key="0">
<entry key="is_missing" type="xboolean" value="false"/>
<entry key="min" type="xdouble" value="11.03"/>
<entry key="max" type="xdouble" value="14.83"/>
<entry key="is_support_left_max" type="xboolean" value="true"/>
<entry key="core_left" type="xdouble" value="11.41"/>
<entry key="anchor" type="xdouble" value="12.37"/>
<entry key="core_right" type="xdouble" value="13.03"/>
<entry key="is_support_right_max" type="xboolean" value="false"/>
<entry key="support_right" type="xdouble" value="13.05"/>
</config>
<config key="1">
<entry key="is_missing" type="xboolean" value="false"/>
<entry key="min" type="xdouble" value="0.74"/>
<entry key="max" type="xdouble" value="5.8"/>
<entry key="is_support_left_max" type="xboolean" value="true"/>
<entry key="core_left" type="xdouble" value="0.74"/>
<entry key="anchor" type="xdouble" value="1.13"/>
<entry key="core_right" type="xdouble" value="4.43"/>
<entry key="is_support_right_max" type="xboolean" value="false"/>
<entry key="support_right" type="xdouble" value="5.51"/>
</config>
<config key="2">
<entry key="is_missing" type="xboolean" value="false"/>
<entry key="min" type="xdouble" value="1.36"/>
<entry key="max" type="xdouble" value="3.23"/>
<entry key="is_support_left_max" type="xboolean" value="true"/>
<entry key="core_left" type="xdouble" value="1.71"/>
<entry key="anchor" type="xdouble" value="2.16"/>
<entry key="core_right" type="xdouble" value="2.92"/>
<entry key="is_support_right_max" type="xboolean" value="false"/>
<entry key="support_right" type="xdouble" value="3.22"/>
</config>
<config key="3">
<entry key="is_missing" type="xboolean" value="false"/>
<entry key="min" type="xdouble" value="10.6"/>
<entry key="max" type="xdouble" value="30.0"/>
<entry key="is_support_left_max" type="xboolean" value="false"/>
<entry key="support_left" type="xdouble" value="11.2"/>
<entry key="core_left" type="xdouble" value="14.8"/>
<entry key="anchor" type="xdouble" value="19.0"/>
<entry key="core_right" type="xdouble" value="30.0"/>
<entry key="is_support_right_max" type="xboolean" value="true"/>
</config>
<config key="4">
<entry key="is_missing" type="xboolean" value="false"/>
<entry key="min" type="xdouble" value="70.0"/>
<entry key="max" type="xdouble" value="162.0"/>
<entry key="is_support_left_max" type="xboolean" value="true"/>
<entry key="core_left" type="xdouble" value="70.0"/>
<entry key="anchor" type="xdouble" value="87.0"/>
<entry key="core_right" type="xdouble" value="139.0"/>
<entry key="is_support_right_max" type="xboolean" value="true"/>
</config>
<config key="5">
<entry key="is_missing" type="xboolean" value="false"/>
<entry key="min" type="xdouble" value="0.98"/>
<entry key="max" type="xdouble" value="3.88"/>
<entry key="is_support_left_max" type="xboolean" value="true"/>
<entry key="core_left" type="xdouble" value="1.38"/>
<entry key="anchor" type="xdouble" value="3.5"/>
<entry key="core_right" type="xdouble" value="3.52"/>
<entry key="is_support_right_max" type="xboolean" value="true"/>
</config>
<config key="6">
<entry key="is_missing" type="xboolean" value="false"/>
<entry key="min" type="xdouble" value="0.34"/>
<entry key="max" type="xdouble" value="5.08"/>
<entry key="is_support_left_max" type="xboolean" value="false"/>
<entry key="support_left" type="xdouble" value="0.96"/>
<entry key="core_left" type="xdouble" value="1.25"/>
<entry key="anchor" type="xdouble" value="3.1"/>
<entry key="core_right" type="xdouble" value="3.75"/>
<entry key="is_support_right_max" type="xboolean" value="true"/>
</config>
<config key="7">
<entry key="is_missing" type="xboolean" value="false"/>
<entry key="min" type="xdouble" value="0.13"/>
<entry key="max" type="xdouble" value="0.66"/>
<entry key="is_support_left_max" type="xboolean" value="true"/>
<entry key="core_left" type="xdouble" value="0.13"/>
<entry key="anchor" type="xdouble" value="0.19"/>
<entry key="core_right" type="xdouble" value="0.66"/>
<entry key="is_support_right_max" type="xboolean" value="true"/>
</config>
<config key="8">
<entry key="is_missing" type="xboolean" value="false"/>
<entry key="min" type="xdouble" value="0.41"/>
<entry key="max" type="xdouble" value="3.58"/>
<entry key="is_support_left_max" type="xboolean" value="true"/>
<entry key="core_left" type="xdouble" value="0.95"/>
<entry key="anchor" type="xdouble" value="1.87"/>
<entry key="core_right" type="xdouble" value="2.76"/>
<entry key="is_support_right_max" type="xboolean" value="true"/>
</config>
<config key="9">
<entry key="is_missing" type="xboolean" value="false"/>
<entry key="min" type="xdouble" value="1.28"/>
<entry key="max" type="xdouble" value="13.0"/>
<entry key="is_support_left_max" type="xboolean" value="true"/>
<entry key="core_left" type="xdouble" value="1.74"/>
<entry key="anchor" type="xdouble" value="4.45"/>
<entry key="core_right" type="xdouble" value="4.68"/>
<entry key="is_support_right_max" type="xboolean" value="false"/>
<entry key="support_right" type="xdouble" value="10.68"/>
</config>
<config key="10">
<entry key="is_missing" type="xboolean" value="false"/>
<entry key="min" type="xdouble" value="0.48"/>
<entry key="max" type="xdouble" value="1.71"/>
<entry key="is_support_left_max" type="xboolean" value="false"/>
<entry key="support_left" type="xdouble" value="0.48"/>
<entry key="core_left" type="xdouble" value="0.69"/>
<entry key="anchor" type="xdouble" value="1.22"/>
<entry key="core_right" type="xdouble" value="1.33"/>
<entry key="is_support_right_max" type="xboolean" value="true"/>
</config>
<config key="11">
<entry key="is_missing" type="xboolean" value="false"/>
<entry key="min" type="xdouble" value="1.27"/>
<entry key="max" type="xdouble" value="4.0"/>
<entry key="is_support_left_max" type="xboolean" value="false"/>
<entry key="support_left" type="xdouble" value="1.42"/>
<entry key="core_left" type="xdouble" value="2.06"/>
<entry key="anchor" type="xdouble" value="2.87"/>
<entry key="core_right" type="xdouble" value="3.57"/>
<entry key="is_support_right_max" type="xboolean" value="false"/>
<entry key="support_right" type="xdouble" value="3.63"/>
</config>
<config key="12">
<entry key="is_missing" type="xboolean" value="false"/>
<entry key="min" type="xdouble" value="278.0"/>
<entry key="max" type="xdouble" value="1680.0"/>
<entry key="is_support_left_max" type="xboolean" value="true"/>
<entry key="core_left" type="xdouble" value="290.0"/>
<entry key="anchor" type="xdouble" value="420.0"/>
<entry key="core_right" type="xdouble" value="985.0"/>
<entry key="is_support_right_max" type="xboolean" value="true"/>
</config>
</config>
</config>
<config key="Rule_6">
<entry key="row_id" type="xstring" value="Rule_6"/>
<config key="class_label">
<entry key="datacell" type="xstring" value="org.knime.core.data.def.StringCell"/>
<config key="org.knime.core.data.def.StringCell">
<entry key="StringCell" type="xstring" value="2"/>
</config>
</config>
<entry key="dont_know_class" type="xdouble" value="0.0"/>
<entry key="correct_covered" type="xint" value="1"/>
<entry key="wrong_covered" type="xint" value="0"/>
<entry key="within-cluster_variance" type="xdouble" value="0.0"/>
<entry key="norm" type="xint" value="0"/>
<config key="membership_functions">
<config key="0">
<entry key="is_missing" type="xboolean" value="false"/>
<entry key="min" type="xdouble" value="11.03"/>
<entry key="max" type="xdouble" value="14.83"/>
<entry key="is_support_left_max" type="xboolean" value="true"/>
<entry key="core_left" type="xdouble" value="13.11"/>
<entry key="anchor" type="xdouble" value="13.11"/>
<entry key="core_right" type="xdouble" value="13.11"/>
<entry key="is_support_right_max" type="xboolean" value="false"/>
<entry key="support_right" type="xdouble" value="13.48"/>
</config>
<config key="1">
<entry key="is_missing" type="xboolean" value="false"/>
<entry key="min" type="xdouble" value="0.74"/>
<entry key="max" type="xdouble" value="5.8"/>
<entry key="is_support_left_max" type="xboolean" value="true"/>
<entry key="core_left" type="xdouble" value="1.01"/>
<entry key="anchor" type="xdouble" value="1.01"/>
<entry key="core_right" type="xdouble" value="1.01"/>
<entry key="is_support_right_max" type="xboolean" value="false"/>
<entry key="support_right" type="xdouble" value="3.98"/>
</config>
<config key="2">
<entry key="is_missing" type="xboolean" value="false"/>
<entry key="min" type="xdouble" value="1.36"/>
<entry key="max" type="xdouble" value="3.23"/>
<entry key="is_support_left_max" type="xboolean" value="true"/>
<entry key="core_left" type="xdouble" value="1.7"/>
<entry key="anchor" type="xdouble" value="1.7"/>
<entry key="core_right" type="xdouble" value="1.7"/>
<entry key="is_support_right_max" type="xboolean" value="false"/>
<entry key="support_right" type="xdouble" value="2.84"/>
</config>
<config key="3">
<entry key="is_missing" type="xboolean" value="false"/>
<entry key="min" type="xdouble" value="10.6"/>
<entry key="max" type="xdouble" value="30.0"/>
<entry key="is_support_left_max" type="xboolean" value="false"/>
<entry key="support_left" type="xdouble" value="11.2"/>
<entry key="core_left" type="xdouble" value="15.0"/>
<entry key="anchor" type="xdouble" value="15.0"/>
<entry key="core_right" type="xdouble" value="15.0"/>
<entry key="is_support_right_max" type="xboolean" value="true"/>
</config>
<config key="4">
<entry key="is_missing" type="xboolean" value="false"/>
<entry key="min" type="xdouble" value="70.0"/>
<entry key="max" type="xdouble" value="162.0"/>
<entry key="is_support_left_max" type="xboolean" value="true"/>
<entry key="core_left" type="xdouble" value="78.0"/>
<entry key="anchor" type="xdouble" value="78.0"/>
<entry key="core_right" type="xdouble" value="78.0"/>
<entry key="is_support_right_max" type="xboolean" value="true"/>
</config>
<config key="5">
<entry key="is_missing" type="xboolean" value="false"/>
<entry key="min" type="xdouble" value="0.98"/>
<entry key="max" type="xdouble" value="3.88"/>
<entry key="is_support_left_max" type="xboolean" value="true"/>
<entry key="core_left" type="xdouble" value="2.98"/>
<entry key="anchor" type="xdouble" value="2.98"/>
<entry key="core_right" type="xdouble" value="2.98"/>
<entry key="is_support_right_max" type="xboolean" value="true"/>
</config>
<config key="6">
<entry key="is_missing" type="xboolean" value="false"/>
<entry key="min" type="xdouble" value="0.34"/>
<entry key="max" type="xdouble" value="5.08"/>
<entry key="is_support_left_max" type="xboolean" value="false"/>
<entry key="support_left" type="xdouble" value="0.96"/>
<entry key="core_left" type="xdouble" value="3.18"/>
<entry key="anchor" type="xdouble" value="3.18"/>
<entry key="core_right" type="xdouble" value="3.18"/>
<entry key="is_support_right_max" type="xboolean" value="true"/>
</config>
<config key="7">
<entry key="is_missing" type="xboolean" value="false"/>
<entry key="min" type="xdouble" value="0.13"/>
<entry key="max" type="xdouble" value="0.66"/>
<entry key="is_support_left_max" type="xboolean" value="true"/>
<entry key="core_left" type="xdouble" value="0.26"/>
<entry key="anchor" type="xdouble" value="0.26"/>
<entry key="core_right" type="xdouble" value="0.26"/>
<entry key="is_support_right_max" type="xboolean" value="true"/>
</config>
<config key="8">
<entry key="is_missing" type="xboolean" value="false"/>
<entry key="min" type="xdouble" value="0.41"/>
<entry key="max" type="xdouble" value="3.58"/>
<entry key="is_support_left_max" type="xboolean" value="true"/>
<entry key="core_left" type="xdouble" value="2.28"/>
<entry key="anchor" type="xdouble" value="2.28"/>
<entry key="core_right" type="xdouble" value="2.28"/>
<entry key="is_support_right_max" type="xboolean" value="true"/>
</config>
<config key="9">
<entry key="is_missing" type="xboolean" value="false"/>
<entry key="min" type="xdouble" value="1.28"/>
<entry key="max" type="xdouble" value="13.0"/>
<entry key="is_support_left_max" type="xboolean" value="true"/>
<entry key="core_left" type="xdouble" value="5.3"/>
<entry key="anchor" type="xdouble" value="5.3"/>
<entry key="core_right" type="xdouble" value="5.3"/>
<entry key="is_support_right_max" type="xboolean" value="false"/>
<entry key="support_right" type="xdouble" value="10.68"/>
</config>
<config key="10">
<entry key="is_missing" type="xboolean" value="false"/>
<entry key="min" type="xdouble" value="0.48"/>
<entry key="max" type="xdouble" value="1.71"/>
<entry key="is_support_left_max" type="xboolean" value="false"/>
<entry key="support_left" type="xdouble" value="0.48"/>
<entry key="core_left" type="xdouble" value="1.12"/>
<entry key="anchor" type="xdouble" value="1.12"/>
<entry key="core_right" type="xdouble" value="1.12"/>
<entry key="is_support_right_max" type="xboolean" value="true"/>
</config>
<config key="11">
<entry key="is_missing" type="xboolean" value="false"/>
<entry key="min" type="xdouble" value="1.27"/>
<entry key="max" type="xdouble" value="4.0"/>
<entry key="is_support_left_max" type="xboolean" value="false"/>
<entry key="support_left" type="xdouble" value="1.42"/>
<entry key="core_left" type="xdouble" value="3.18"/>
<entry key="anchor" type="xdouble" value="3.18"/>
<entry key="core_right" type="xdouble" value="3.18"/>
<entry key="is_support_right_max" type="xboolean" value="false"/>
<entry key="support_right" type="xdouble" value="3.63"/>
</config>
<config key="12">
<entry key="is_missing" type="xboolean" value="false"/>
<entry key="min" type="xdouble" value="278.0"/>
<entry key="max" type="xdouble" value="1680.0"/>
<entry key="is_support_left_max" type="xboolean" value="true"/>
<entry key="core_left" type="xdouble" value="502.0"/>
<entry key="anchor" type="xdouble" value="502.0"/>
<entry key="core_right" type="xdouble" value="502.0"/>
<entry key="is_support_right_max" type="xboolean" value="false"/>
<entry key="support_right" type="xdouble" value="885.0"/>
</config>
</config>
</config>
<config key="Rule_8">
<entry key="row_id" type="xstring" value="Rule_8"/>
<config key="class_label">
<entry key="datacell" type="xstring" value="org.knime.core.data.def.StringCell"/>
<config key="org.knime.core.data.def.StringCell">
<entry key="StringCell" type="xstring" value="2"/>
</config>
</config>
<entry key="dont_know_class" type="xdouble" value="0.0"/>
<entry key="correct_covered" type="xint" value="2"/>
<entry key="wrong_covered" type="xint" value="0"/>
<entry key="within-cluster_variance" type="xdouble" value="3849.6571999999996"/>
<entry key="norm" type="xint" value="0"/>
<config key="membership_functions">
<config key="0">
<entry key="is_missing" type="xboolean" value="false"/>
<entry key="min" type="xdouble" value="11.03"/>
<entry key="max" type="xdouble" value="14.83"/>
<entry key="is_support_left_max" type="xboolean" value="true"/>
<entry key="core_left" type="xdouble" value="13.49"/>
<entry key="anchor" type="xdouble" value="13.86"/>
<entry key="core_right" type="xdouble" value="13.86"/>
<entry key="is_support_right_max" type="xboolean" value="true"/>
</config>
<config key="1">
<entry key="is_missing" type="xboolean" value="false"/>
<entry key="min" type="xdouble" value="0.74"/>
<entry key="max" type="xdouble" value="5.8"/>
<entry key="is_support_left_max" type="xboolean" value="true"/>
<entry key="core_left" type="xdouble" value="1.51"/>
<entry key="anchor" type="xdouble" value="1.51"/>
<entry key="core_right" type="xdouble" value="1.66"/>
<entry key="is_support_right_max" type="xboolean" value="true"/>
</config>
<config key="2">
<entry key="is_missing" type="xboolean" value="false"/>
<entry key="min" type="xdouble" value="1.36"/>
<entry key="max" type="xdouble" value="3.23"/>
<entry key="is_support_left_max" type="xboolean" value="true"/>
<entry key="core_left" type="xdouble" value="2.24"/>
<entry key="anchor" type="xdouble" value="2.67"/>
<entry key="core_right" type="xdouble" value="2.67"/>
<entry key="is_support_right_max" type="xboolean" value="false"/>
<entry key="support_right" type="xdouble" value="3.22"/>
</config>
<config key="3">
<entry key="is_missing" type="xboolean" value="false"/>
<entry key="min" type="xdouble" value="10.6"/>
<entry key="max" type="xdouble" value="30.0"/>
<entry key="is_support_left_max" type="xboolean" value="false"/>
<entry key="support_left" type="xdouble" value="20.5"/>
<entry key="core_left" type="xdouble" value="24.0"/>
<entry key="anchor" type="xdouble" value="25.0"/>
<entry key="core_right" type="xdouble" value="25.0"/>
<entry key="is_support_right_max" type="xboolean" value="true"/>
</config>
<config key="4">
<entry key="is_missing" type="xboolean" value="false"/>
<entry key="min" type="xdouble" value="70.0"/>
<entry key="max" type="xdouble" value="162.0"/>
<entry key="is_support_left_max" type="xboolean" value="true"/>
<entry key="core_left" type="xdouble" value="86.0"/>
<entry key="anchor" type="xdouble" value="86.0"/>
<entry key="core_right" type="xdouble" value="87.0"/>
<entry key="is_support_right_max" type="xboolean" value="true"/>
</config>
<config key="5">
<entry key="is_missing" type="xboolean" value="false"/>
<entry key="min" type="xdouble" value="0.98"/>
<entry key="max" type="xdouble" value="3.88"/>
<entry key="is_support_left_max" type="xboolean" value="true"/>
<entry key="core_left" type="xdouble" value="1.88"/>
<entry key="anchor" type="xdouble" value="2.95"/>
<entry key="core_right" type="xdouble" value="2.95"/>
<entry key="is_support_right_max" type="xboolean" value="true"/>
</config>
<config key="6">
<entry key="is_missing" type="xboolean" value="false"/>
<entry key="min" type="xdouble" value="0.34"/>
<entry key="max" type="xdouble" value="5.08"/>
<entry key="is_support_left_max" type="xboolean" value="false"/>
<entry key="support_left" type="xdouble" value="0.96"/>
<entry key="core_left" type="xdouble" value="1.84"/>
<entry key="anchor" type="xdouble" value="2.86"/>
<entry key="core_right" type="xdouble" value="2.86"/>
<entry key="is_support_right_max" type="xboolean" value="true"/>
</config>
<config key="7">
<entry key="is_missing" type="xboolean" value="false"/>
<entry key="min" type="xdouble" value="0.13"/>
<entry key="max" type="xdouble" value="0.66"/>
<entry key="is_support_left_max" type="xboolean" value="true"/>
<entry key="core_left" type="xdouble" value="0.21"/>
<entry key="anchor" type="xdouble" value="0.21"/>
<entry key="core_right" type="xdouble" value="0.27"/>
<entry key="is_support_right_max" type="xboolean" value="false"/>
<entry key="support_right" type="xdouble" value="0.63"/>
</config>
<config key="8">
<entry key="is_missing" type="xboolean" value="false"/>
<entry key="min" type="xdouble" value="0.41"/>
<entry key="max" type="xdouble" value="3.58"/>
<entry key="is_support_left_max" type="xboolean" value="true"/>
<entry key="core_left" type="xdouble" value="1.03"/>
<entry key="anchor" type="xdouble" value="1.87"/>
<entry key="core_right" type="xdouble" value="1.87"/>
<entry key="is_support_right_max" type="xboolean" value="true"/>
</config>
<config key="9">
<entry key="is_missing" type="xboolean" value="false"/>
<entry key="min" type="xdouble" value="1.28"/>
<entry key="max" type="xdouble" value="13.0"/>
<entry key="is_support_left_max" type="xboolean" value="true"/>
<entry key="core_left" type="xdouble" value="3.38"/>
<entry key="anchor" type="xdouble" value="3.38"/>
<entry key="core_right" type="xdouble" value="3.74"/>
<entry key="is_support_right_max" type="xboolean" value="false"/>
<entry key="support_right" type="xdouble" value="11.75"/>
</config>
<config key="10">
<entry key="is_missing" type="xboolean" value="false"/>
<entry key="min" type="xdouble" value="0.48"/>
<entry key="max" type="xdouble" value="1.71"/>
<entry key="is_support_left_max" type="xboolean" value="false"/>
<entry key="support_left" type="xdouble" value="0.48"/>
<entry key="core_left" type="xdouble" value="0.98"/>
<entry key="anchor" type="xdouble" value="1.36"/>
<entry key="core_right" type="xdouble" value="1.36"/>
<entry key="is_support_right_max" type="xboolean" value="true"/>
</config>
<config key="11">
<entry key="is_missing" type="xboolean" value="false"/>
<entry key="min" type="xdouble" value="1.27"/>
<entry key="max" type="xdouble" value="4.0"/>
<entry key="is_support_left_max" type="xboolean" value="false"/>
<entry key="support_left" type="xdouble" value="1.42"/>
<entry key="core_left" type="xdouble" value="2.78"/>
<entry key="anchor" type="xdouble" value="3.16"/>
<entry key="core_right" type="xdouble" value="3.16"/>
<entry key="is_support_right_max" type="xboolean" value="false"/>
<entry key="support_right" type="xdouble" value="3.82"/>
</config>
<config key="12">
<entry key="is_missing" type="xboolean" value="false"/>
<entry key="min" type="xdouble" value="278.0"/>
<entry key="max" type="xdouble" value="1680.0"/>
<entry key="is_support_left_max" type="xboolean" value="true"/>
<entry key="core_left" type="xdouble" value="410.0"/>
<entry key="anchor" type="xdouble" value="410.0"/>
<entry key="core_right" type="xdouble" value="472.0"/>
<entry key="is_support_right_max" type="xboolean" value="false"/>
<entry key="support_right" type="xdouble" value="1285.0"/>
</config>
</config>
</config>
<config key="Rule_9">
<entry key="row_id" type="xstring" value="Rule_9"/>
<config key="class_label">
<entry key="datacell" type="xstring" value="org.knime.core.data.def.StringCell"/>
<config key="org.knime.core.data.def.StringCell">
<entry key="StringCell" type="xstring" value="2"/>
</config>
</config>
<entry key="dont_know_class" type="xdouble" value="0.0"/>
<entry key="correct_covered" type="xint" value="1"/>
<entry key="wrong_covered" type="xint" value="0"/>
<entry key="within-cluster_variance" type="xdouble" value="0.0"/>
<entry key="norm" type="xint" value="0"/>
<config key="membership_functions">
<config key="0">
<entry key="is_missing" type="xboolean" value="false"/>
<entry key="min" type="xdouble" value="11.03"/>
<entry key="max" type="xdouble" value="14.83"/>
<entry key="is_support_left_max" type="xboolean" value="true"/>
<entry key="core_left" type="xdouble" value="11.56"/>
<entry key="anchor" type="xdouble" value="11.56"/>
<entry key="core_right" type="xdouble" value="11.56"/>
<entry key="is_support_right_max" type="xboolean" value="false"/>
<entry key="support_right" type="xdouble" value="13.29"/>
</config>
<config key="1">
<entry key="is_missing" type="xboolean" value="false"/>
<entry key="min" type="xdouble" value="0.74"/>
<entry key="max" type="xdouble" value="5.8"/>
<entry key="is_support_left_max" type="xboolean" value="true"/>
<entry key="core_left" type="xdouble" value="2.05"/>
<entry key="anchor" type="xdouble" value="2.05"/>
<entry key="core_right" type="xdouble" value="2.05"/>
<entry key="is_support_right_max" type="xboolean" value="true"/>
</config>
<config key="2">
<entry key="is_missing" type="xboolean" value="false"/>
<entry key="min" type="xdouble" value="1.36"/>
<entry key="max" type="xdouble" value="3.23"/>
<entry key="is_support_left_max" type="xboolean" value="true"/>
<entry key="core_left" type="xdouble" value="3.23"/>
<entry key="anchor" type="xdouble" value="3.23"/>
<entry key="core_right" type="xdouble" value="3.23"/>
<entry key="is_support_right_max" type="xboolean" value="true"/>
</config>
<config key="3">
<entry key="is_missing" type="xboolean" value="false"/>
<entry key="min" type="xdouble" value="10.6"/>
<entry key="max" type="xdouble" value="30.0"/>
<entry key="is_support_left_max" type="xboolean" value="false"/>
<entry key="support_left" type="xdouble" value="12.4"/>
<entry key="core_left" type="xdouble" value="28.5"/>
<entry key="anchor" type="xdouble" value="28.5"/>
<entry key="core_right" type="xdouble" value="28.5"/>
<entry key="is_support_right_max" type="xboolean" value="true"/>
</config>
<config key="4">
<entry key="is_missing" type="xboolean" value="false"/>
<entry key="min" type="xdouble" value="70.0"/>
<entry key="max" type="xdouble" value="162.0"/>
<entry key="is_support_left_max" type="xboolean" value="true"/>
<entry key="core_left" type="xdouble" value="119.0"/>
<entry key="anchor" type="xdouble" value="119.0"/>
<entry key="core_right" type="xdouble" value="119.0"/>
<entry key="is_support_right_max" type="xboolean" value="true"/>
</config>
<config key="5">
<entry key="is_missing" type="xboolean" value="false"/>
<entry key="min" type="xdouble" value="0.98"/>
<entry key="max" type="xdouble" value="3.88"/>
<entry key="is_support_left_max" type="xboolean" value="true"/>
<entry key="core_left" type="xdouble" value="3.18"/>
<entry key="anchor" type="xdouble" value="3.18"/>
<entry key="core_right" type="xdouble" value="3.18"/>
<entry key="is_support_right_max" type="xboolean" value="true"/>
</config>
<config key="6">
<entry key="is_missing" type="xboolean" value="false"/>
<entry key="min" type="xdouble" value="0.34"/>
<entry key="max" type="xdouble" value="5.08"/>
<entry key="is_support_left_max" type="xboolean" value="false"/>
<entry key="support_left" type="xdouble" value="3.0"/>
<entry key="core_left" type="xdouble" value="5.08"/>
<entry key="anchor" type="xdouble" value="5.08"/>
<entry key="core_right" type="xdouble" value="5.08"/>
<entry key="is_support_right_max" type="xboolean" value="true"/>
</config>
<config key="7">
<entry key="is_missing" type="xboolean" value="false"/>
<entry key="min" type="xdouble" value="0.13"/>
<entry key="max" type="xdouble" value="0.66"/>
<entry key="is_support_left_max" type="xboolean" value="true"/>
<entry key="core_left" type="xdouble" value="0.47"/>
<entry key="anchor" type="xdouble" value="0.47"/>
<entry key="core_right" type="xdouble" value="0.47"/>
<entry key="is_support_right_max" type="xboolean" value="true"/>
</config>
<config key="8">
<entry key="is_missing" type="xboolean" value="false"/>
<entry key="min" type="xdouble" value="0.41"/>
<entry key="max" type="xdouble" value="3.58"/>
<entry key="is_support_left_max" type="xboolean" value="true"/>
<entry key="core_left" type="xdouble" value="1.87"/>
<entry key="anchor" type="xdouble" value="1.87"/>
<entry key="core_right" type="xdouble" value="1.87"/>
<entry key="is_support_right_max" type="xboolean" value="true"/>
</config>
<config key="9">
<entry key="is_missing" type="xboolean" value="false"/>
<entry key="min" type="xdouble" value="1.28"/>
<entry key="max" type="xdouble" value="13.0"/>
<entry key="is_support_left_max" type="xboolean" value="true"/>
<entry key="core_left" type="xdouble" value="6.0"/>
<entry key="anchor" type="xdouble" value="6.0"/>
<entry key="core_right" type="xdouble" value="6.0"/>
<entry key="is_support_right_max" type="xboolean" value="true"/>
</config>
<config key="10">
<entry key="is_missing" type="xboolean" value="false"/>
<entry key="min" type="xdouble" value="0.48"/>
<entry key="max" type="xdouble" value="1.71"/>
<entry key="is_support_left_max" type="xboolean" value="false"/>
<entry key="support_left" type="xdouble" value="0.48"/>
<entry key="core_left" type="xdouble" value="0.93"/>
<entry key="anchor" type="xdouble" value="0.93"/>
<entry key="core_right" type="xdouble" value="0.93"/>
<entry key="is_support_right_max" type="xboolean" value="true"/>
</config>
<config key="11">
<entry key="is_missing" type="xboolean" value="false"/>
<entry key="min" type="xdouble" value="1.27"/>
<entry key="max" type="xdouble" value="4.0"/>
<entry key="is_support_left_max" type="xboolean" value="false"/>
<entry key="support_left" type="xdouble" value="1.42"/>
<entry key="core_left" type="xdouble" value="3.69"/>
<entry key="anchor" type="xdouble" value="3.69"/>
<entry key="core_right" type="xdouble" value="3.69"/>
<entry key="is_support_right_max" type="xboolean" value="true"/>
</config>
<config key="12">
<entry key="is_missing" type="xboolean" value="false"/>
<entry key="min" type="xdouble" value="278.0"/>
<entry key="max" type="xdouble" value="1680.0"/>
<entry key="is_support_left_max" type="xboolean" value="true"/>
<entry key="core_left" type="xdouble" value="465.0"/>
<entry key="anchor" type="xdouble" value="465.0"/>
<entry key="core_right" type="xdouble" value="465.0"/>
<entry key="is_support_right_max" type="xboolean" value="true"/>
</config>
</config>
</config>
<config key="Rule_3">
<entry key="row_id" type="xstring" value="Rule_3"/>
<config key="class_label">
<entry key="datacell" type="xstring" value="org.knime.core.data.def.StringCell"/>
<config key="org.knime.core.data.def.StringCell">
<entry key="StringCell" type="xstring" value="3"/>
</config>
</config>
<entry key="dont_know_class" type="xdouble" value="0.0"/>
<entry key="correct_covered" type="xint" value="26"/>
<entry key="wrong_covered" type="xint" value="0"/>
<entry key="within-cluster_variance" type="xdouble" value="315714.06679999985"/>
<entry key="norm" type="xint" value="0"/>
<config key="membership_functions">
<config key="0">
<entry key="is_missing" type="xboolean" value="false"/>
<entry key="min" type="xdouble" value="11.03"/>
<entry key="max" type="xdouble" value="14.83"/>
<entry key="is_support_left_max" type="xboolean" value="true"/>
<entry key="core_left" type="xdouble" value="12.25"/>
<entry key="anchor" type="xdouble" value="12.86"/>
<entry key="core_right" type="xdouble" value="14.16"/>
<entry key="is_support_right_max" type="xboolean" value="true"/>
</config>
<config key="1">
<entry key="is_missing" type="xboolean" value="false"/>
<entry key="min" type="xdouble" value="0.74"/>
<entry key="max" type="xdouble" value="5.8"/>
<entry key="is_support_left_max" type="xboolean" value="true"/>
<entry key="core_left" type="xdouble" value="1.29"/>
<entry key="anchor" type="xdouble" value="1.35"/>
<entry key="core_right" type="xdouble" value="5.65"/>
<entry key="is_support_right_max" type="xboolean" value="true"/>
</config>
<config key="2">
<entry key="is_missing" type="xboolean" value="false"/>
<entry key="min" type="xdouble" value="1.36"/>
<entry key="max" type="xdouble" value="3.23"/>
<entry key="is_support_left_max" type="xboolean" value="true"/>
<entry key="core_left" type="xdouble" value="2.1"/>
<entry key="anchor" type="xdouble" value="2.32"/>
<entry key="core_right" type="xdouble" value="2.86"/>
<entry key="is_support_right_max" type="xboolean" value="true"/>
</config>
<config key="3">
<entry key="is_missing" type="xboolean" value="false"/>
<entry key="min" type="xdouble" value="10.6"/>
<entry key="max" type="xdouble" value="30.0"/>
<entry key="is_support_left_max" type="xboolean" value="false"/>
<entry key="support_left" type="xdouble" value="12.0"/>
<entry key="core_left" type="xdouble" value="18.0"/>
<entry key="anchor" type="xdouble" value="18.0"/>
<entry key="core_right" type="xdouble" value="25.5"/>
<entry key="is_support_right_max" type="xboolean" value="true"/>
</config>
<config key="4">
<entry key="is_missing" type="xboolean" value="false"/>
<entry key="min" type="xdouble" value="70.0"/>
<entry key="max" type="xdouble" value="162.0"/>
<entry key="is_support_left_max" type="xboolean" value="true"/>
<entry key="core_left" type="xdouble" value="80.0"/>
<entry key="anchor" type="xdouble" value="122.0"/>
<entry key="core_right" type="xdouble" value="122.0"/>
<entry key="is_support_right_max" type="xboolean" value="true"/>
</config>
<config key="5">
<entry key="is_missing" type="xboolean" value="false"/>
<entry key="min" type="xdouble" value="0.98"/>
<entry key="max" type="xdouble" value="3.88"/>
<entry key="is_support_left_max" type="xboolean" value="true"/>
<entry key="core_left" type="xdouble" value="0.98"/>
<entry key="anchor" type="xdouble" value="1.51"/>
<entry key="core_right" type="xdouble" value="2.6"/>
<entry key="is_support_right_max" type="xboolean" value="true"/>
</config>
<config key="6">
<entry key="is_missing" type="xboolean" value="false"/>
<entry key="min" type="xdouble" value="0.34"/>
<entry key="max" type="xdouble" value="5.08"/>
<entry key="is_support_left_max" type="xboolean" value="true"/>
<entry key="core_left" type="xdouble" value="0.34"/>
<entry key="anchor" type="xdouble" value="1.25"/>
<entry key="core_right" type="xdouble" value="1.39"/>
<entry key="is_support_right_max" type="xboolean" value="true"/>
</config>
<config key="7">
<entry key="is_missing" type="xboolean" value="false"/>
<entry key="min" type="xdouble" value="0.13"/>
<entry key="max" type="xdouble" value="0.66"/>
<entry key="is_support_left_max" type="xboolean" value="true"/>
<entry key="core_left" type="xdouble" value="0.17"/>
<entry key="anchor" type="xdouble" value="0.21"/>
<entry key="core_right" type="xdouble" value="0.56"/>
<entry key="is_support_right_max" type="xboolean" value="false"/>
<entry key="support_right" type="xdouble" value="0.58"/>
</config>
<config key="8">
<entry key="is_missing" type="xboolean" value="false"/>
<entry key="min" type="xdouble" value="0.41"/>
<entry key="max" type="xdouble" value="3.58"/>
<entry key="is_support_left_max" type="xboolean" value="false"/>
<entry key="support_left" type="xdouble" value="0.41"/>
<entry key="core_left" type="xdouble" value="0.55"/>
<entry key="anchor" type="xdouble" value="0.94"/>
<entry key="core_right" type="xdouble" value="2.29"/>
<entry key="is_support_right_max" type="xboolean" value="true"/>
</config>
<config key="9">
<entry key="is_missing" type="xboolean" value="false"/>
<entry key="min" type="xdouble" value="1.28"/>
<entry key="max" type="xdouble" value="13.0"/>
<entry key="is_support_left_max" type="xboolean" value="true"/>
<entry key="core_left" type="xdouble" value="3.85"/>
<entry key="anchor" type="xdouble" value="4.1"/>
<entry key="core_right" type="xdouble" value="11.75"/>
<entry key="is_support_right_max" type="xboolean" value="true"/>
</config>
<config key="10">
<entry key="is_missing" type="xboolean" value="false"/>
<entry key="min" type="xdouble" value="0.48"/>
<entry key="max" type="xdouble" value="1.71"/>
<entry key="is_support_left_max" type="xboolean" value="true"/>
<entry key="core_left" type="xdouble" value="0.48"/>
<entry key="anchor" type="xdouble" value="0.76"/>
<entry key="core_right" type="xdouble" value="0.96"/>
<entry key="is_support_right_max" type="xboolean" value="true"/>
</config>
<config key="11">
<entry key="is_missing" type="xboolean" value="false"/>
<entry key="min" type="xdouble" value="1.27"/>
<entry key="max" type="xdouble" value="4.0"/>
<entry key="is_support_left_max" type="xboolean" value="true"/>
<entry key="core_left" type="xdouble" value="1.27"/>
<entry key="anchor" type="xdouble" value="1.29"/>
<entry key="core_right" type="xdouble" value="2.15"/>
<entry key="is_support_right_max" type="xboolean" value="false"/>
<entry key="support_right" type="xdouble" value="2.26"/>
</config>
<config key="12">
<entry key="is_missing" type="xboolean" value="false"/>
<entry key="min" type="xdouble" value="278.0"/>
<entry key="max" type="xdouble" value="1680.0"/>
<entry key="is_support_left_max" type="xboolean" value="false"/>
<entry key="support_left" type="xdouble" value="355.0"/>
<entry key="core_left" type="xdouble" value="415.0"/>
<entry key="anchor" type="xdouble" value="630.0"/>
<entry key="core_right" type="xdouble" value="855.0"/>
<entry key="is_support_right_max" type="xboolean" value="true"/>
</config>
</config>
</config>
<config key="Rule_5">
<entry key="row_id" type="xstring" value="Rule_5"/>
<config key="class_label">
<entry key="datacell" type="xstring" value="org.knime.core.data.def.StringCell"/>
<config key="org.knime.core.data.def.StringCell">
<entry key="StringCell" type="xstring" value="3"/>
</config>
</config>
<entry key="dont_know_class" type="xdouble" value="0.0"/>
<entry key="correct_covered" type="xint" value="1"/>
<entry key="wrong_covered" type="xint" value="0"/>
<entry key="within-cluster_variance" type="xdouble" value="0.0"/>
<entry key="norm" type="xint" value="0"/>
<config key="membership_functions">
<config key="0">
<entry key="is_missing" type="xboolean" value="false"/>
<entry key="min" type="xdouble" value="11.03"/>
<entry key="max" type="xdouble" value="14.83"/>
<entry key="is_support_left_max" type="xboolean" value="true"/>
<entry key="core_left" type="xdouble" value="12.53"/>
<entry key="anchor" type="xdouble" value="12.53"/>
<entry key="core_right" type="xdouble" value="12.53"/>
<entry key="is_support_right_max" type="xboolean" value="true"/>
</config>
<config key="1">
<entry key="is_missing" type="xboolean" value="false"/>
<entry key="min" type="xdouble" value="0.74"/>
<entry key="max" type="xdouble" value="5.8"/>
<entry key="is_support_left_max" type="xboolean" value="false"/>
<entry key="support_left" type="xdouble" value="2.89"/>
<entry key="core_left" type="xdouble" value="5.51"/>
<entry key="anchor" type="xdouble" value="5.51"/>
<entry key="core_right" type="xdouble" value="5.51"/>
<entry key="is_support_right_max" type="xboolean" value="true"/>
</config>
<config key="2">
<entry key="is_missing" type="xboolean" value="false"/>
<entry key="min" type="xdouble" value="1.36"/>
<entry key="max" type="xdouble" value="3.23"/>
<entry key="is_support_left_max" type="xboolean" value="true"/>
<entry key="core_left" type="xdouble" value="2.64"/>
<entry key="anchor" type="xdouble" value="2.64"/>
<entry key="core_right" type="xdouble" value="2.64"/>
<entry key="is_support_right_max" type="xboolean" value="false"/>
<entry key="support_right" type="xdouble" value="3.22"/>
</config>
<config key="3">
<entry key="is_missing" type="xboolean" value="false"/>
<entry key="min" type="xdouble" value="10.6"/>
<entry key="max" type="xdouble" value="30.0"/>
<entry key="is_support_left_max" type="xboolean" value="false"/>
<entry key="support_left" type="xdouble" value="12.0"/>
<entry key="core_left" type="xdouble" value="25.0"/>
<entry key="anchor" type="xdouble" value="25.0"/>
<entry key="core_right" type="xdouble" value="25.0"/>
<entry key="is_support_right_max" type="xboolean" value="true"/>
</config>
<config key="4">
<entry key="is_missing" type="xboolean" value="false"/>
<entry key="min" type="xdouble" value="70.0"/>
<entry key="max" type="xdouble" value="162.0"/>
<entry key="is_support_left_max" type="xboolean" value="true"/>
<entry key="core_left" type="xdouble" value="96.0"/>
<entry key="anchor" type="xdouble" value="96.0"/>
<entry key="core_right" type="xdouble" value="96.0"/>
<entry key="is_support_right_max" type="xboolean" value="true"/>
</config>
<config key="5">
<entry key="is_missing" type="xboolean" value="false"/>
<entry key="min" type="xdouble" value="0.98"/>
<entry key="max" type="xdouble" value="3.88"/>
<entry key="is_support_left_max" type="xboolean" value="true"/>
<entry key="core_left" type="xdouble" value="1.79"/>
<entry key="anchor" type="xdouble" value="1.79"/>
<entry key="core_right" type="xdouble" value="1.79"/>
<entry key="is_support_right_max" type="xboolean" value="true"/>
</config>
<config key="6">
<entry key="is_missing" type="xboolean" value="false"/>
<entry key="min" type="xdouble" value="0.34"/>
<entry key="max" type="xdouble" value="5.08"/>
<entry key="is_support_left_max" type="xboolean" value="true"/>
<entry key="core_left" type="xdouble" value="0.6"/>
<entry key="anchor" type="xdouble" value="0.6"/>
<entry key="core_right" type="xdouble" value="0.6"/>
<entry key="is_support_right_max" type="xboolean" value="true"/>
</config>
<config key="7">
<entry key="is_missing" type="xboolean" value="false"/>
<entry key="min" type="xdouble" value="0.13"/>
<entry key="max" type="xdouble" value="0.66"/>
<entry key="is_support_left_max" type="xboolean" value="false"/>
<entry key="support_left" type="xdouble" value="0.32"/>
<entry key="core_left" type="xdouble" value="0.63"/>
<entry key="anchor" type="xdouble" value="0.63"/>
<entry key="core_right" type="xdouble" value="0.63"/>
<entry key="is_support_right_max" type="xboolean" value="true"/>
</config>
<config key="8">
<entry key="is_missing" type="xboolean" value="false"/>
<entry key="min" type="xdouble" value="0.41"/>
<entry key="max" type="xdouble" value="3.58"/>
<entry key="is_support_left_max" type="xboolean" value="false"/>
<entry key="support_left" type="xdouble" value="0.41"/>
<entry key="core_left" type="xdouble" value="1.1"/>
<entry key="anchor" type="xdouble" value="1.1"/>
<entry key="core_right" type="xdouble" value="1.1"/>
<entry key="is_support_right_max" type="xboolean" value="true"/>
</config>
<config key="9">
<entry key="is_missing" type="xboolean" value="false"/>
<entry key="min" type="xdouble" value="1.28"/>
<entry key="max" type="xdouble" value="13.0"/>
<entry key="is_support_left_max" type="xboolean" value="false"/>
<entry key="support_left" type="xdouble" value="2.08"/>
<entry key="core_left" type="xdouble" value="5.0"/>
<entry key="anchor" type="xdouble" value="5.0"/>
<entry key="core_right" type="xdouble" value="5.0"/>
<entry key="is_support_right_max" type="xboolean" value="true"/>
</config>
<config key="10">
<entry key="is_missing" type="xboolean" value="false"/>
<entry key="min" type="xdouble" value="0.48"/>
<entry key="max" type="xdouble" value="1.71"/>
<entry key="is_support_left_max" type="xboolean" value="true"/>
<entry key="core_left" type="xdouble" value="0.82"/>
<entry key="anchor" type="xdouble" value="0.82"/>
<entry key="core_right" type="xdouble" value="0.82"/>
<entry key="is_support_right_max" type="xboolean" value="true"/>
</config>
<config key="11">
<entry key="is_missing" type="xboolean" value="false"/>
<entry key="min" type="xdouble" value="1.27"/>
<entry key="max" type="xdouble" value="4.0"/>
<entry key="is_support_left_max" type="xboolean" value="true"/>
<entry key="core_left" type="xdouble" value="1.69"/>
<entry key="anchor" type="xdouble" value="1.69"/>
<entry key="core_right" type="xdouble" value="1.69"/>
<entry key="is_support_right_max" type="xboolean" value="false"/>
<entry key="support_right" type="xdouble" value="3.55"/>
</config>
<config key="12">
<entry key="is_missing" type="xboolean" value="false"/>
<entry key="min" type="xdouble" value="278.0"/>
<entry key="max" type="xdouble" value="1680.0"/>
<entry key="is_support_left_max" type="xboolean" value="true"/>
<entry key="core_left" type="xdouble" value="515.0"/>
<entry key="anchor" type="xdouble" value="515.0"/>
<entry key="core_right" type="xdouble" value="515.0"/>
<entry key="is_support_right_max" type="xboolean" value="true"/>
</config>
</config>
</config>
<config key="Rule_7">
<entry key="row_id" type="xstring" value="Rule_7"/>
<config key="class_label">
<entry key="datacell" type="xstring" value="org.knime.core.data.def.StringCell"/>
<config key="org.knime.core.data.def.StringCell">
<entry key="StringCell" type="xstring" value="3"/>
</config>
</config>
<entry key="dont_know_class" type="xdouble" value="0.0"/>
<entry key="correct_covered" type="xint" value="3"/>
<entry key="wrong_covered" type="xint" value="0"/>
<entry key="within-cluster_variance" type="xdouble" value="48104.635200000004"/>
<entry key="norm" type="xint" value="0"/>
<config key="membership_functions">
<config key="0">
<entry key="is_missing" type="xboolean" value="false"/>
<entry key="min" type="xdouble" value="11.03"/>
<entry key="max" type="xdouble" value="14.83"/>
<entry key="is_support_left_max" type="xboolean" value="false"/>
<entry key="support_left" type="xdouble" value="11.79"/>
<entry key="core_left" type="xdouble" value="12.93"/>
<entry key="anchor" type="xdouble" value="12.93"/>
<entry key="core_right" type="xdouble" value="13.36"/>
<entry key="is_support_right_max" type="xboolean" value="true"/>
</config>
<config key="1">
<entry key="is_missing" type="xboolean" value="false"/>
<entry key="min" type="xdouble" value="0.74"/>
<entry key="max" type="xdouble" value="5.8"/>
<entry key="is_support_left_max" type="xboolean" value="false"/>
<entry key="support_left" type="xdouble" value="1.53"/>
<entry key="core_left" type="xdouble" value="2.56"/>
<entry key="anchor" type="xdouble" value="2.81"/>
<entry key="core_right" type="xdouble" value="5.19"/>
<entry key="is_support_right_max" type="xboolean" value="true"/>
</config>
<config key="2">
<entry key="is_missing" type="xboolean" value="false"/>
<entry key="min" type="xdouble" value="1.36"/>
<entry key="max" type="xdouble" value="3.23"/>
<entry key="is_support_left_max" type="xboolean" value="true"/>
<entry key="core_left" type="xdouble" value="2.32"/>
<entry key="anchor" type="xdouble" value="2.7"/>
<entry key="core_right" type="xdouble" value="2.7"/>
<entry key="is_support_right_max" type="xboolean" value="false"/>
<entry key="support_right" type="xdouble" value="3.22"/>
</config>
<config key="3">
<entry key="is_missing" type="xboolean" value="false"/>
<entry key="min" type="xdouble" value="10.6"/>
<entry key="max" type="xdouble" value="30.0"/>
<entry key="is_support_left_max" type="xboolean" value="false"/>
<entry key="support_left" type="xdouble" value="12.0"/>
<entry key="core_left" type="xdouble" value="20.0"/>
<entry key="anchor" type="xdouble" value="21.0"/>
<entry key="core_right" type="xdouble" value="22.0"/>
<entry key="is_support_right_max" type="xboolean" value="true"/>
</config>
<config key="4">
<entry key="is_missing" type="xboolean" value="false"/>
<entry key="min" type="xdouble" value="70.0"/>
<entry key="max" type="xdouble" value="162.0"/>
<entry key="is_support_left_max" type="xboolean" value="true"/>
<entry key="core_left" type="xdouble" value="89.0"/>
<entry key="anchor" type="xdouble" value="96.0"/>
<entry key="core_right" type="xdouble" value="96.0"/>
<entry key="is_support_right_max" type="xboolean" value="true"/>
</config>
<config key="5">
<entry key="is_missing" type="xboolean" value="false"/>
<entry key="min" type="xdouble" value="0.98"/>
<entry key="max" type="xdouble" value="3.88"/>
<entry key="is_support_left_max" type="xboolean" value="true"/>
<entry key="core_left" type="xdouble" value="1.4"/>
<entry key="anchor" type="xdouble" value="1.54"/>
<entry key="core_right" type="xdouble" value="1.74"/>
<entry key="is_support_right_max" type="xboolean" value="true"/>
</config>
<config key="6">
<entry key="is_missing" type="xboolean" value="false"/>
<entry key="min" type="xdouble" value="0.34"/>
<entry key="max" type="xdouble" value="5.08"/>
<entry key="is_support_left_max" type="xboolean" value="true"/>
<entry key="core_left" type="xdouble" value="0.5"/>
<entry key="anchor" type="xdouble" value="0.5"/>
<entry key="core_right" type="xdouble" value="0.63"/>
<entry key="is_support_right_max" type="xboolean" value="true"/>
</config>
<config key="7">
<entry key="is_missing" type="xboolean" value="false"/>
<entry key="min" type="xdouble" value="0.13"/>
<entry key="max" type="xdouble" value="0.66"/>
<entry key="is_support_left_max" type="xboolean" value="false"/>
<entry key="support_left" type="xdouble" value="0.34"/>
<entry key="core_left" type="xdouble" value="0.37"/>
<entry key="anchor" type="xdouble" value="0.53"/>
<entry key="core_right" type="xdouble" value="0.61"/>
<entry key="is_support_right_max" type="xboolean" value="true"/>
</config>
<config key="8">
<entry key="is_missing" type="xboolean" value="false"/>
<entry key="min" type="xdouble" value="0.41"/>
<entry key="max" type="xdouble" value="3.58"/>
<entry key="is_support_left_max" type="xboolean" value="false"/>
<entry key="support_left" type="xdouble" value="0.41"/>
<entry key="core_left" type="xdouble" value="0.64"/>
<entry key="anchor" type="xdouble" value="0.75"/>
<entry key="core_right" type="xdouble" value="1.55"/>
<entry key="is_support_right_max" type="xboolean" value="true"/>
</config>
<config key="9">
<entry key="is_missing" type="xboolean" value="false"/>
<entry key="min" type="xdouble" value="1.28"/>
<entry key="max" type="xdouble" value="13.0"/>
<entry key="is_support_left_max" type="xboolean" value="false"/>
<entry key="support_left" type="xdouble" value="2.76"/>
<entry key="core_left" type="xdouble" value="4.6"/>
<entry key="anchor" type="xdouble" value="4.6"/>
<entry key="core_right" type="xdouble" value="7.9"/>
<entry key="is_support_right_max" type="xboolean" value="true"/>
</config>
<config key="10">
<entry key="is_missing" type="xboolean" value="false"/>
<entry key="min" type="xdouble" value="0.48"/>
<entry key="max" type="xdouble" value="1.71"/>
<entry key="is_support_left_max" type="xboolean" value="true"/>
<entry key="core_left" type="xdouble" value="0.6"/>
<entry key="anchor" type="xdouble" value="0.77"/>
<entry key="core_right" type="xdouble" value="0.77"/>
<entry key="is_support_right_max" type="xboolean" value="true"/>
</config>
<config key="11">
<entry key="is_missing" type="xboolean" value="false"/>
<entry key="min" type="xdouble" value="1.27"/>
<entry key="max" type="xdouble" value="4.0"/>
<entry key="is_support_left_max" type="xboolean" value="true"/>
<entry key="core_left" type="xdouble" value="1.48"/>
<entry key="anchor" type="xdouble" value="2.31"/>
<entry key="core_right" type="xdouble" value="2.47"/>
<entry key="is_support_right_max" type="xboolean" value="false"/>
<entry key="support_right" type="xdouble" value="3.55"/>
</config>
<config key="12">
<entry key="is_missing" type="xboolean" value="false"/>
<entry key="min" type="xdouble" value="278.0"/>
<entry key="max" type="xdouble" value="1680.0"/>
<entry key="is_support_left_max" type="xboolean" value="false"/>
<entry key="support_left" type="xdouble" value="355.0"/>
<entry key="core_left" type="xdouble" value="600.0"/>
<entry key="anchor" type="xdouble" value="600.0"/>
<entry key="core_right" type="xdouble" value="780.0"/>
<entry key="is_support_right_max" type="xboolean" value="true"/>
</config>
</config>
</config>
</config>
<config key="model_spec">
<config key="Alcohol">
<entry key="column_name" type="xstring" value="Alcohol"/>
<config key="element_names">
<entry key="array-size" type="xint" value="0"/>
</config>
<config key="column_type">
<entry key="cell_class" type="xstring" value="org.knime.core.data.def.FuzzyIntervalCell"/>
</config>
<config key="column_domain">
<config key="lower_bound">
<entry key="datacell" type="xstring" value="org.knime.core.data.def.DoubleCell"/>
<config key="org.knime.core.data.def.DoubleCell">
<entry key="DoubleCell" type="xdouble" value="11.03"/>
</config>
</config>
<config key="upper_bound">
<entry key="datacell" type="xstring" value="org.knime.core.data.def.DoubleCell"/>
<config key="org.knime.core.data.def.DoubleCell">
<entry key="DoubleCell" type="xdouble" value="14.83"/>
</config>
</config>
</config>
<config key="column_properties"/>
</config>
<config key="Malic acid">
<entry key="column_name" type="xstring" value="Malic acid"/>
<config key="element_names">
<entry key="array-size" type="xint" value="0"/>
</config>
<config key="column_type">
<entry key="cell_class" type="xstring" value="org.knime.core.data.def.FuzzyIntervalCell"/>
</config>
<config key="column_domain">
<config key="lower_bound">
<entry key="datacell" type="xstring" value="org.knime.core.data.def.DoubleCell"/>
<config key="org.knime.core.data.def.DoubleCell">
<entry key="DoubleCell" type="xdouble" value="0.74"/>
</config>
</config>
<config key="upper_bound">
<entry key="datacell" type="xstring" value="org.knime.core.data.def.DoubleCell"/>
<config key="org.knime.core.data.def.DoubleCell">
<entry key="DoubleCell" type="xdouble" value="5.8"/>
</config>
</config>
</config>
<config key="column_properties"/>
</config>
<config key="Ash">
<entry key="column_name" type="xstring" value="Ash"/>
<config key="element_names">
<entry key="array-size" type="xint" value="0"/>
</config>
<config key="column_type">
<entry key="cell_class" type="xstring" value="org.knime.core.data.def.FuzzyIntervalCell"/>
</config>
<config key="column_domain">
<config key="lower_bound">
<entry key="datacell" type="xstring" value="org.knime.core.data.def.DoubleCell"/>
<config key="org.knime.core.data.def.DoubleCell">
<entry key="DoubleCell" type="xdouble" value="1.36"/>
</config>
</config>
<config key="upper_bound">
<entry key="datacell" type="xstring" value="org.knime.core.data.def.DoubleCell"/>
<config key="org.knime.core.data.def.DoubleCell">
<entry key="DoubleCell" type="xdouble" value="3.23"/>
</config>
</config>
</config>
<config key="column_properties"/>
</config>
<config key="Alcalinity of ash">
<entry key="column_name" type="xstring" value="Alcalinity of ash"/>
<config key="element_names">
<entry key="array-size" type="xint" value="0"/>
</config>
<config key="column_type">
<entry key="cell_class" type="xstring" value="org.knime.core.data.def.FuzzyIntervalCell"/>
</config>
<config key="column_domain">
<config key="lower_bound">
<entry key="datacell" type="xstring" value="org.knime.core.data.def.DoubleCell"/>
<config key="org.knime.core.data.def.DoubleCell">
<entry key="DoubleCell" type="xdouble" value="10.6"/>
</config>
</config>
<config key="upper_bound">
<entry key="datacell" type="xstring" value="org.knime.core.data.def.DoubleCell"/>
<config key="org.knime.core.data.def.DoubleCell">
<entry key="DoubleCell" type="xdouble" value="30.0"/>
</config>
</config>
</config>
<config key="column_properties"/>
</config>
<config key="Magnesium">
<entry key="column_name" type="xstring" value="Magnesium"/>
<config key="element_names">
<entry key="array-size" type="xint" value="0"/>
</config>
<config key="column_type">
<entry key="cell_class" type="xstring" value="org.knime.core.data.def.FuzzyIntervalCell"/>
</config>
<config key="column_domain">
<config key="lower_bound">
<entry key="datacell" type="xstring" value="org.knime.core.data.def.IntCell"/>
<config key="org.knime.core.data.def.IntCell">
<entry key="IntCell" type="xint" value="70"/>
</config>
</config>
<config key="upper_bound">
<entry key="datacell" type="xstring" value="org.knime.core.data.def.IntCell"/>
<config key="org.knime.core.data.def.IntCell">
<entry key="IntCell" type="xint" value="162"/>
</config>
</config>
</config>
<config key="column_properties"/>
</config>
<config key="Total phenols">
<entry key="column_name" type="xstring" value="Total phenols"/>
<config key="element_names">
<entry key="array-size" type="xint" value="0"/>
</config>
<config key="column_type">
<entry key="cell_class" type="xstring" value="org.knime.core.data.def.FuzzyIntervalCell"/>
</config>
<config key="column_domain">
<config key="lower_bound">
<entry key="datacell" type="xstring" value="org.knime.core.data.def.DoubleCell"/>
<config key="org.knime.core.data.def.DoubleCell">
<entry key="DoubleCell" type="xdouble" value="0.98"/>
</config>
</config>
<config key="upper_bound">
<entry key="datacell" type="xstring" value="org.knime.core.data.def.DoubleCell"/>
<config key="org.knime.core.data.def.DoubleCell">
<entry key="DoubleCell" type="xdouble" value="3.88"/>
</config>
</config>
</config>
<config key="column_properties"/>
</config>
<config key="Flavanoids">
<entry key="column_name" type="xstring" value="Flavanoids"/>
<config key="element_names">
<entry key="array-size" type="xint" value="0"/>
</config>
<config key="column_type">
<entry key="cell_class" type="xstring" value="org.knime.core.data.def.FuzzyIntervalCell"/>
</config>
<config key="column_domain">
<config key="lower_bound">
<entry key="datacell" type="xstring" value="org.knime.core.data.def.DoubleCell"/>
<config key="org.knime.core.data.def.DoubleCell">
<entry key="DoubleCell" type="xdouble" value="0.34"/>
</config>
</config>
<config key="upper_bound">
<entry key="datacell" type="xstring" value="org.knime.core.data.def.DoubleCell"/>
<config key="org.knime.core.data.def.DoubleCell">
<entry key="DoubleCell" type="xdouble" value="5.08"/>
</config>
</config>
</config>
<config key="column_properties"/>
</config>
<config key="Nonflavanoid phenols">
<entry key="column_name" type="xstring" value="Nonflavanoid phenols"/>
<config key="element_names">
<entry key="array-size" type="xint" value="0"/>
</config>
<config key="column_type">
<entry key="cell_class" type="xstring" value="org.knime.core.data.def.FuzzyIntervalCell"/>
</config>
<config key="column_domain">
<config key="lower_bound">
<entry key="datacell" type="xstring" value="org.knime.core.data.def.DoubleCell"/>
<config key="org.knime.core.data.def.DoubleCell">
<entry key="DoubleCell" type="xdouble" value="0.13"/>
</config>
</config>
<config key="upper_bound">
<entry key="datacell" type="xstring" value="org.knime.core.data.def.DoubleCell"/>
<config key="org.knime.core.data.def.DoubleCell">
<entry key="DoubleCell" type="xdouble" value="0.66"/>
</config>
</config>
</config>
<config key="column_properties"/>
</config>
<config key="Proanthocyanins">
<entry key="column_name" type="xstring" value="Proanthocyanins"/>
<config key="element_names">
<entry key="array-size" type="xint" value="0"/>
</config>
<config key="column_type">
<entry key="cell_class" type="xstring" value="org.knime.core.data.def.FuzzyIntervalCell"/>
</config>
<config key="column_domain">
<config key="lower_bound">
<entry key="datacell" type="xstring" value="org.knime.core.data.def.DoubleCell"/>
<config key="org.knime.core.data.def.DoubleCell">
<entry key="DoubleCell" type="xdouble" value="0.41"/>
</config>
</config>
<config key="upper_bound">
<entry key="datacell" type="xstring" value="org.knime.core.data.def.DoubleCell"/>
<config key="org.knime.core.data.def.DoubleCell">
<entry key="DoubleCell" type="xdouble" value="3.58"/>
</config>
</config>
</config>
<config key="column_properties"/>
</config>
<config key="Color intensity">
<entry key="column_name" type="xstring" value="Color intensity"/>
<config key="element_names">
<entry key="array-size" type="xint" value="0"/>
</config>
<config key="column_type">
<entry key="cell_class" type="xstring" value="org.knime.core.data.def.FuzzyIntervalCell"/>
</config>
<config key="column_domain">
<config key="lower_bound">
<entry key="datacell" type="xstring" value="org.knime.core.data.def.DoubleCell"/>
<config key="org.knime.core.data.def.DoubleCell">
<entry key="DoubleCell" type="xdouble" value="1.28"/>
</config>
</config>
<config key="upper_bound">
<entry key="datacell" type="xstring" value="org.knime.core.data.def.DoubleCell"/>
<config key="org.knime.core.data.def.DoubleCell">
<entry key="DoubleCell" type="xdouble" value="13.0"/>
</config>
</config>
</config>
<config key="column_properties"/>
</config>
<config key="Hue">
<entry key="column_name" type="xstring" value="Hue"/>
<config key="element_names">
<entry key="array-size" type="xint" value="0"/>
</config>
<config key="column_type">
<entry key="cell_class" type="xstring" value="org.knime.core.data.def.FuzzyIntervalCell"/>
</config>
<config key="column_domain">
<config key="lower_bound">
<entry key="datacell" type="xstring" value="org.knime.core.data.def.DoubleCell"/>
<config key="org.knime.core.data.def.DoubleCell">
<entry key="DoubleCell" type="xdouble" value="0.48"/>
</config>
</config>
<config key="upper_bound">
<entry key="datacell" type="xstring" value="org.knime.core.data.def.DoubleCell"/>
<config key="org.knime.core.data.def.DoubleCell">
<entry key="DoubleCell" type="xdouble" value="1.71"/>
</config>
</config>
</config>
<config key="column_properties"/>
</config>
<config key="OD280/OD315 of diluted wines">
<entry key="column_name" type="xstring" value="OD280/OD315 of diluted wines"/>
<config key="element_names">
<entry key="array-size" type="xint" value="0"/>
</config>
<config key="column_type">
<entry key="cell_class" type="xstring" value="org.knime.core.data.def.FuzzyIntervalCell"/>
</config>
<config key="column_domain">
<config key="lower_bound">
<entry key="datacell" type="xstring" value="org.knime.core.data.def.DoubleCell"/>
<config key="org.knime.core.data.def.DoubleCell">
<entry key="DoubleCell" type="xdouble" value="1.27"/>
</config>
</config>
<config key="upper_bound">
<entry key="datacell" type="xstring" value="org.knime.core.data.def.DoubleCell"/>
<config key="org.knime.core.data.def.DoubleCell">
<entry key="DoubleCell" type="xdouble" value="4.0"/>
</config>
</config>
</config>
<config key="column_properties"/>
</config>
<config key="Proline">
<entry key="column_name" type="xstring" value="Proline"/>
<config key="element_names">
<entry key="array-size" type="xint" value="0"/>
</config>
<config key="column_type">
<entry key="cell_class" type="xstring" value="org.knime.core.data.def.FuzzyIntervalCell"/>
</config>
<config key="column_domain">
<config key="lower_bound">
<entry key="datacell" type="xstring" value="org.knime.core.data.def.IntCell"/>
<config key="org.knime.core.data.def.IntCell">
<entry key="IntCell" type="xint" value="278"/>
</config>
</config>
<config key="upper_bound">
<entry key="datacell" type="xstring" value="org.knime.core.data.def.IntCell"/>
<config key="org.knime.core.data.def.IntCell">
<entry key="IntCell" type="xint" value="1680"/>
</config>
</config>
</config>
<config key="column_properties"/>
</config>
<config key="Region">
<entry key="column_name" type="xstring" value="Region"/>
<config key="element_names">
<entry key="array-size" type="xint" value="0"/>
</config>
<config key="column_type">
<entry key="cell_class" type="xstring" value="org.knime.core.data.def.StringCell"/>
</config>
<config key="column_domain">
<config key="possible_values">
<entry key="array-size" type="xint" value="3"/>
<config key="0">
<entry key="datacell" type="xstring" value="org.knime.core.data.def.StringCell"/>
<config key="org.knime.core.data.def.StringCell">
<entry key="StringCell" type="xstring" value="1"/>
</config>
</config>
<config key="1">
<entry key="datacell" type="xstring" value="org.knime.core.data.def.StringCell"/>
<config key="org.knime.core.data.def.StringCell">
<entry key="StringCell" type="xstring" value="2"/>
</config>
</config>
<config key="2">
<entry key="datacell" type="xstring" value="org.knime.core.data.def.StringCell"/>
<config key="org.knime.core.data.def.StringCell">
<entry key="StringCell" type="xstring" value="3"/>
</config>
</config>
</config>
</config>
<config key="column_properties"/>
</config>
<config key="Weight">
<entry key="column_name" type="xstring" value="Weight"/>
<config key="element_names">
<entry key="array-size" type="xint" value="0"/>
</config>
<config key="column_type">
<entry key="cell_class" type="xstring" value="org.knime.core.data.def.IntCell"/>
</config>
<config key="column_domain"/>
<config key="column_properties"/>
</config>
<config key="Spread">
<entry key="column_name" type="xstring" value="Spread"/>
<config key="element_names">
<entry key="array-size" type="xint" value="0"/>
</config>
<config key="column_type">
<entry key="cell_class" type="xstring" value="org.knime.core.data.def.DoubleCell"/>
</config>
<config key="column_domain"/>
<config key="column_properties"/>
</config>
<config key="Features">
<entry key="column_name" type="xstring" value="Features"/>
<config key="element_names">
<entry key="array-size" type="xint" value="0"/>
</config>
<config key="column_type">
<entry key="cell_class" type="xstring" value="org.knime.core.data.def.IntCell"/>
</config>
<config key="column_domain"/>
<config key="column_properties"/>
</config>
<config key="Variance">
<entry key="column_name" type="xstring" value="Variance"/>
<config key="element_names">
<entry key="array-size" type="xint" value="0"/>
</config>
<config key="column_type">
<entry key="cell_class" type="xstring" value="org.knime.core.data.def.DoubleCell"/>
</config>
<config key="column_domain"/>
<config key="column_properties"/>
</config>
</config>
</config>
</config>
