<?xml version="1.0" encoding="UTF-8"?>
<config xmlns="http://www.knime.org/2008/09/XMLConfig" xmlns:xsi="http://www.w3.org/2001/XMLSchema-instance" xsi:schemaLocation="http://www.knime.org/2008/09/XMLConfig http://www.knime.org/XMLConfig_2008_09.xsd" key="preprocessing">
<config key="preprocColumns">
<entry key="array-size" type="xint" value="21"/>
<entry key="0" type="xstring" value="cap-shape"/>
<entry key="1" type="xstring" value="cap-surface"/>
<entry key="2" type="xstring" value="cap-color"/>
<entry key="3" type="xstring" value="bruises"/>
<entry key="4" type="xstring" value="odor"/>
<entry key="5" type="xstring" value="gill-attachment"/>
<entry key="6" type="xstring" value="gill-spacing"/>
<entry key="7" type="xstring" value="gill-size"/>
<entry key="8" type="xstring" value="gill-color"/>
<entry key="9" type="xstring" value="stalk-shape"/>
<entry key="10" type="xstring" value="stalk-root"/>
<entry key="11" type="xstring" value="stalk-surface-above-ring"/>
<entry key="12" type="xstring" value="stalk-surface-below-ring"/>
<entry key="13" type="xstring" value="stalk-color-above-ring"/>
<entry key="14" type="xstring" value="stalk-color-below-ring"/>
<entry key="15" type="xstring" value="veil-color"/>
<entry key="16" type="xstring" value="ring-number"/>
<entry key="17" type="xstring" value="ring-type"/>
<entry key="18" type="xstring" value="spore-print-color"/>
<entry key="19" type="xstring" value="population"/>
<entry key="20" type="xstring" value="habitat"/>
</config>
</config>
