<?xml version="1.0" encoding="UTF-8"?>
<config xmlns="http://www.knime.org/2008/09/XMLConfig" xmlns:xsi="http://www.w3.org/2001/XMLSchema-instance" xsi:schemaLocation="http://www.knime.org/2008/09/XMLConfig http://www.knime.org/XMLConfig_2008_09.xsd" key="preprocessing">
<config key="preprocColumns">
<entry key="array-size" type="xint" value="21"/>
<entry key="0" type="xstring" value="cap-shape (to number)"/>
<entry key="1" type="xstring" value="cap-surface (to number)"/>
<entry key="2" type="xstring" value="cap-color (to number)"/>
<entry key="3" type="xstring" value="bruises (to number)"/>
<entry key="4" type="xstring" value="odor (to number)"/>
<entry key="5" type="xstring" value="gill-attachment (to number)"/>
<entry key="6" type="xstring" value="gill-spacing (to number)"/>
<entry key="7" type="xstring" value="gill-size (to number)"/>
<entry key="8" type="xstring" value="gill-color (to number)"/>
<entry key="9" type="xstring" value="stalk-shape (to number)"/>
<entry key="10" type="xstring" value="stalk-root (to number)"/>
<entry key="11" type="xstring" value="stalk-surface-above-ring (to number)"/>
<entry key="12" type="xstring" value="stalk-surface-below-ring (to number)"/>
<entry key="13" type="xstring" value="stalk-color-above-ring (to number)"/>
<entry key="14" type="xstring" value="stalk-color-below-ring (to number)"/>
<entry key="15" type="xstring" value="veil-color (to number)"/>
<entry key="16" type="xstring" value="ring-number (to number)"/>
<entry key="17" type="xstring" value="ring-type (to number)"/>
<entry key="18" type="xstring" value="spore-print-color (to number)"/>
<entry key="19" type="xstring" value="population (to number)"/>
<entry key="20" type="xstring" value="habitat (to number)"/>
</config>
</config>
