<?xml version="1.0" encoding="UTF-8"?>
<config xmlns="http://www.knime.org/2008/09/XMLConfig" xmlns:xsi="http://www.w3.org/2001/XMLSchema-instance" xsi:schemaLocation="http://www.knime.org/2008/09/XMLConfig http://www.knime.org/XMLConfig_2008_09.xsd" key="model.xml">
<entry key="version" type="xint" value="1"/>
<entry key="class_name" type="xstring" value="org.knime.base.data.normalize.NormalizerPortObject"/>
<config key="model">
<config key="columns">
<config key="cap-shape">
<entry key="column_name" type="xstring" value="cap-shape"/>
<entry key="column_scale" type="xdouble" value="0.6295657444105557"/>
<entry key="column_translate" type="xdouble" value="-1.0271432824070614"/>
<entry key="column_min" type="xdouble" value="NaN"/>
<entry key="column_max" type="xdouble" value="NaN"/>
</config>
<config key="cap-surface">
<entry key="column_name" type="xstring" value="cap-surface"/>
<entry key="column_scale" type="xdouble" value="1.2895459185256501"/>
<entry key="column_translate" type="xdouble" value="-1.2554610043796053"/>
<entry key="column_min" type="xdouble" value="NaN"/>
<entry key="column_max" type="xdouble" value="NaN"/>
</config>
<config key="cap-color">
<entry key="column_name" type="xstring" value="cap-color"/>
<entry key="column_scale" type="xdouble" value="0.573273624623667"/>
<entry key="column_translate" type="xdouble" value="-1.2013640327368698"/>
<entry key="column_min" type="xdouble" value="NaN"/>
<entry key="column_max" type="xdouble" value="NaN"/>
</config>
<config key="bruises">
<entry key="column_name" type="xstring" value="bruises"/>
<entry key="column_scale" type="xdouble" value="2.0306173222323585"/>
<entry key="column_translate" type="xdouble" value="-1.1913235598688945"/>
<entry key="column_min" type="xdouble" value="NaN"/>
<entry key="column_max" type="xdouble" value="NaN"/>
</config>
<config key="odor">
<entry key="column_name" type="xstring" value="odor"/>
<entry key="column_scale" type="xdouble" value="0.6424940135055601"/>
<entry key="column_translate" type="xdouble" value="-2.305919172597051"/>
<entry key="column_min" type="xdouble" value="NaN"/>
<entry key="column_max" type="xdouble" value="NaN"/>
</config>
<config key="gill-attachment">
<entry key="column_name" type="xstring" value="gill-attachment"/>
<entry key="column_scale" type="xdouble" value="6.278506286115384"/>
<entry key="column_translate" type="xdouble" value="-0.16351124170888756"/>
<entry key="column_min" type="xdouble" value="NaN"/>
<entry key="column_max" type="xdouble" value="NaN"/>
</config>
<config key="gill-spacing">
<entry key="column_name" type="xstring" value="gill-spacing"/>
<entry key="column_scale" type="xdouble" value="2.709802857304053"/>
<entry key="column_translate" type="xdouble" value="-0.44063262320764207"/>
<entry key="column_min" type="xdouble" value="NaN"/>
<entry key="column_max" type="xdouble" value="NaN"/>
</config>
<config key="gill-size">
<entry key="column_name" type="xstring" value="gill-size"/>
<entry key="column_scale" type="xdouble" value="2.165708911536015"/>
<entry key="column_translate" type="xdouble" value="-1.4984303689559892"/>
<entry key="column_min" type="xdouble" value="NaN"/>
<entry key="column_max" type="xdouble" value="NaN"/>
</config>
<config key="gill-color">
<entry key="column_name" type="xstring" value="gill-color"/>
<entry key="column_scale" type="xdouble" value="0.37472513424721954"/>
<entry key="column_translate" type="xdouble" value="-1.5998403600129696"/>
<entry key="column_min" type="xdouble" value="NaN"/>
<entry key="column_max" type="xdouble" value="NaN"/>
</config>
<config key="stalk-shape">
<entry key="column_name" type="xstring" value="stalk-shape"/>
<entry key="column_scale" type="xdouble" value="2.0172872169136196"/>
<entry key="column_translate" type="xdouble" value="-1.1408990284825007"/>
<entry key="column_min" type="xdouble" value="NaN"/>
<entry key="column_max" type="xdouble" value="NaN"/>
</config>
<config key="stalk-root">
<entry key="column_name" type="xstring" value="stalk-root"/>
<entry key="column_scale" type="xdouble" value="0.7488254301402993"/>
<entry key="column_translate" type="xdouble" value="-1.7113930762172507"/>
<entry key="column_min" type="xdouble" value="NaN"/>
<entry key="column_max" type="xdouble" value="NaN"/>
</config>
<config key="stalk-surface-above-ring">
<entry key="column_name" type="xstring" value="stalk-surface-above-ring"/>
<entry key="column_scale" type="xdouble" value="1.0988634842982141"/>
<entry key="column_translate" type="xdouble" value="-0.7318163137202408"/>
<entry key="column_min" type="xdouble" value="NaN"/>
<entry key="column_max" type="xdouble" value="NaN"/>
</config>
<config key="stalk-surface-below-ring">
<entry key="column_name" type="xstring" value="stalk-surface-below-ring"/>
<entry key="column_scale" type="xdouble" value="0.7494300249077335"/>
<entry key="column_translate" type="xdouble" value="-0.7484590090682556"/>
<entry key="column_min" type="xdouble" value="NaN"/>
<entry key="column_max" type="xdouble" value="NaN"/>
</config>
<config key="stalk-color-above-ring">
<entry key="column_name" type="xstring" value="stalk-color-above-ring"/>
<entry key="column_scale" type="xdouble" value="0.6396808886875966"/>
<entry key="column_translate" type="xdouble" value="-0.7345804245190692"/>
<entry key="column_min" type="xdouble" value="NaN"/>
<entry key="column_max" type="xdouble" value="NaN"/>
</config>
<config key="stalk-color-below-ring">
<entry key="column_name" type="xstring" value="stalk-color-below-ring"/>
<entry key="column_scale" type="xdouble" value="0.6064115119101867"/>
<entry key="column_translate" type="xdouble" value="-0.6427899169392645"/>
<entry key="column_min" type="xdouble" value="NaN"/>
<entry key="column_max" type="xdouble" value="NaN"/>
</config>
<config key="veil-color">
<entry key="column_name" type="xstring" value="veil-color"/>
<entry key="column_scale" type="xdouble" value="3.898613911207925"/>
<entry key="column_translate" type="xdouble" value="-0.14901413627964985"/>
<entry key="column_min" type="xdouble" value="NaN"/>
<entry key="column_max" type="xdouble" value="NaN"/>
</config>
<config key="ring-number">
<entry key="column_name" type="xstring" value="ring-number"/>
<entry key="column_scale" type="xdouble" value="3.4243643217506303"/>
<entry key="column_translate" type="xdouble" value="-0.2835150040941508"/>
<entry key="column_min" type="xdouble" value="NaN"/>
<entry key="column_max" type="xdouble" value="NaN"/>
</config>
<config key="ring-type">
<entry key="column_name" type="xstring" value="ring-type"/>
<entry key="column_scale" type="xdouble" value="1.2660816546917641"/>
<entry key="column_translate" type="xdouble" value="-0.8848463909571584"/>
<entry key="column_min" type="xdouble" value="NaN"/>
<entry key="column_max" type="xdouble" value="NaN"/>
</config>
<config key="spore-print-color">
<entry key="column_name" type="xstring" value="spore-print-color"/>
<entry key="column_scale" type="xdouble" value="0.5741878776681147"/>
<entry key="column_translate" type="xdouble" value="-1.263689464896422"/>
<entry key="column_min" type="xdouble" value="NaN"/>
<entry key="column_max" type="xdouble" value="NaN"/>
</config>
<config key="population">
<entry key="column_name" type="xstring" value="population"/>
<entry key="column_scale" type="xdouble" value="0.7240330578746416"/>
<entry key="column_translate" type="xdouble" value="-1.9426375437248196"/>
<entry key="column_min" type="xdouble" value="NaN"/>
<entry key="column_max" type="xdouble" value="NaN"/>
</config>
<config key="habitat">
<entry key="column_name" type="xstring" value="habitat"/>
<entry key="column_scale" type="xdouble" value="0.6184382395016177"/>
<entry key="column_translate" type="xdouble" value="-1.7223000155283459"/>
<entry key="column_min" type="xdouble" value="NaN"/>
<entry key="column_max" type="xdouble" value="NaN"/>
</config>
</config>
<entry key="summary" type="xstring" value="Z-Score (Gaussian) normalization on 21 column(s)"/>
</config>
</config>
