<?xml version="1.0" encoding="UTF-8"?>
<config xmlns="http://www.knime.org/2008/09/XMLConfig" xmlns:xsi="http://www.w3.org/2001/XMLSchema-instance" xsi:schemaLocation="http://www.knime.org/2008/09/XMLConfig http://www.knime.org/XMLConfig_2008_09.xsd" key="model.xml">
<entry key="version" type="xint" value="1"/>
<entry key="class_name" type="xstring" value="org.knime.base.data.normalize.NormalizerPortObject"/>
<config key="model">
<config key="columns">
<config key="cap-shape (to number)">
<entry key="column_name" type="xstring" value="cap-shape (to number)"/>
<entry key="column_scale" type="xdouble" value="0.2"/>
<entry key="column_translate" type="xdouble" value="0.0"/>
<entry key="column_min" type="xdouble" value="0.0"/>
<entry key="column_max" type="xdouble" value="1.0"/>
</config>
<config key="cap-surface (to number)">
<entry key="column_name" type="xstring" value="cap-surface (to number)"/>
<entry key="column_scale" type="xdouble" value="0.3333333333333333"/>
<entry key="column_translate" type="xdouble" value="0.0"/>
<entry key="column_min" type="xdouble" value="0.0"/>
<entry key="column_max" type="xdouble" value="1.0"/>
</config>
<config key="cap-color (to number)">
<entry key="column_name" type="xstring" value="cap-color (to number)"/>
<entry key="column_scale" type="xdouble" value="0.1111111111111111"/>
<entry key="column_translate" type="xdouble" value="0.0"/>
<entry key="column_min" type="xdouble" value="0.0"/>
<entry key="column_max" type="xdouble" value="1.0"/>
</config>
<config key="bruises (to number)">
<entry key="column_name" type="xstring" value="bruises (to number)"/>
<entry key="column_scale" type="xdouble" value="1.0"/>
<entry key="column_translate" type="xdouble" value="0.0"/>
<entry key="column_min" type="xdouble" value="0.0"/>
<entry key="column_max" type="xdouble" value="1.0"/>
</config>
<config key="odor (to number)">
<entry key="column_name" type="xstring" value="odor (to number)"/>
<entry key="column_scale" type="xdouble" value="0.125"/>
<entry key="column_translate" type="xdouble" value="0.0"/>
<entry key="column_min" type="xdouble" value="0.0"/>
<entry key="column_max" type="xdouble" value="1.0"/>
</config>
<config key="gill-attachment (to number)">
<entry key="column_name" type="xstring" value="gill-attachment (to number)"/>
<entry key="column_scale" type="xdouble" value="1.0"/>
<entry key="column_translate" type="xdouble" value="0.0"/>
<entry key="column_min" type="xdouble" value="0.0"/>
<entry key="column_max" type="xdouble" value="1.0"/>
</config>
<config key="gill-spacing (to number)">
<entry key="column_name" type="xstring" value="gill-spacing (to number)"/>
<entry key="column_scale" type="xdouble" value="1.0"/>
<entry key="column_translate" type="xdouble" value="0.0"/>
<entry key="column_min" type="xdouble" value="0.0"/>
<entry key="column_max" type="xdouble" value="1.0"/>
</config>
<config key="gill-size (to number)">
<entry key="column_name" type="xstring" value="gill-size (to number)"/>
<entry key="column_scale" type="xdouble" value="1.0"/>
<entry key="column_translate" type="xdouble" value="0.0"/>
<entry key="column_min" type="xdouble" value="0.0"/>
<entry key="column_max" type="xdouble" value="1.0"/>
</config>
<config key="gill-color (to number)">
<entry key="column_name" type="xstring" value="gill-color (to number)"/>
<entry key="column_scale" type="xdouble" value="0.09090909090909091"/>
<entry key="column_translate" type="xdouble" value="0.0"/>
<entry key="column_min" type="xdouble" value="0.0"/>
<entry key="column_max" type="xdouble" value="1.0"/>
</config>
<config key="stalk-shape (to number)">
<entry key="column_name" type="xstring" value="stalk-shape (to number)"/>
<entry key="column_scale" type="xdouble" value="1.0"/>
<entry key="column_translate" type="xdouble" value="0.0"/>
<entry key="column_min" type="xdouble" value="0.0"/>
<entry key="column_max" type="xdouble" value="1.0"/>
</config>
<config key="stalk-root (to number)">
<entry key="column_name" type="xstring" value="stalk-root (to number)"/>
<entry key="column_scale" type="xdouble" value="0.25"/>
<entry key="column_translate" type="xdouble" value="0.0"/>
<entry key="column_min" type="xdouble" value="0.0"/>
<entry key="column_max" type="xdouble" value="1.0"/>
</config>
<config key="stalk-surface-above-ring (to number)">
<entry key="column_name" type="xstring" value="stalk-surface-above-ring (to number)"/>
<entry key="column_scale" type="xdouble" value="0.3333333333333333"/>
<entry key="column_translate" type="xdouble" value="0.0"/>
<entry key="column_min" type="xdouble" value="0.0"/>
<entry key="column_max" type="xdouble" value="1.0"/>
</config>
<config key="stalk-surface-below-ring (to number)">
<entry key="column_name" type="xstring" value="stalk-surface-below-ring (to number)"/>
<entry key="column_scale" type="xdouble" value="0.3333333333333333"/>
<entry key="column_translate" type="xdouble" value="0.0"/>
<entry key="column_min" type="xdouble" value="0.0"/>
<entry key="column_max" type="xdouble" value="1.0"/>
</config>
<config key="stalk-color-above-ring (to number)">
<entry key="column_name" type="xstring" value="stalk-color-above-ring (to number)"/>
<entry key="column_scale" type="xdouble" value="0.125"/>
<entry key="column_translate" type="xdouble" value="0.0"/>
<entry key="column_min" type="xdouble" value="0.0"/>
<entry key="column_max" type="xdouble" value="1.0"/>
</config>
<config key="stalk-color-below-ring (to number)">
<entry key="column_name" type="xstring" value="stalk-color-below-ring (to number)"/>
<entry key="column_scale" type="xdouble" value="0.125"/>
<entry key="column_translate" type="xdouble" value="0.0"/>
<entry key="column_min" type="xdouble" value="0.0"/>
<entry key="column_max" type="xdouble" value="1.0"/>
</config>
<config key="veil-color (to number)">
<entry key="column_name" type="xstring" value="veil-color (to number)"/>
<entry key="column_scale" type="xdouble" value="0.3333333333333333"/>
<entry key="column_translate" type="xdouble" value="0.0"/>
<entry key="column_min" type="xdouble" value="0.0"/>
<entry key="column_max" type="xdouble" value="1.0"/>
</config>
<config key="ring-number (to number)">
<entry key="column_name" type="xstring" value="ring-number (to number)"/>
<entry key="column_scale" type="xdouble" value="0.5"/>
<entry key="column_translate" type="xdouble" value="0.0"/>
<entry key="column_min" type="xdouble" value="0.0"/>
<entry key="column_max" type="xdouble" value="1.0"/>
</config>
<config key="ring-type (to number)">
<entry key="column_name" type="xstring" value="ring-type (to number)"/>
<entry key="column_scale" type="xdouble" value="0.25"/>
<entry key="column_translate" type="xdouble" value="0.0"/>
<entry key="column_min" type="xdouble" value="0.0"/>
<entry key="column_max" type="xdouble" value="1.0"/>
</config>
<config key="spore-print-color (to number)">
<entry key="column_name" type="xstring" value="spore-print-color (to number)"/>
<entry key="column_scale" type="xdouble" value="0.125"/>
<entry key="column_translate" type="xdouble" value="0.0"/>
<entry key="column_min" type="xdouble" value="0.0"/>
<entry key="column_max" type="xdouble" value="1.0"/>
</config>
<config key="population (to number)">
<entry key="column_name" type="xstring" value="population (to number)"/>
<entry key="column_scale" type="xdouble" value="0.2"/>
<entry key="column_translate" type="xdouble" value="0.0"/>
<entry key="column_min" type="xdouble" value="0.0"/>
<entry key="column_max" type="xdouble" value="1.0"/>
</config>
<config key="habitat (to number)">
<entry key="column_name" type="xstring" value="habitat (to number)"/>
<entry key="column_scale" type="xdouble" value="0.16666666666666666"/>
<entry key="column_translate" type="xdouble" value="0.0"/>
<entry key="column_min" type="xdouble" value="0.0"/>
<entry key="column_max" type="xdouble" value="1.0"/>
</config>
</config>
<entry key="summary" type="xstring" value="Min/Max (0.0, 1) normalization on 21 column(s)"/>
</config>
</config>
