<?xml version="1.0" encoding="UTF-8"?>
<config xmlns="http://www.knime.org/2008/09/XMLConfig" xmlns:xsi="http://www.w3.org/2001/XMLSchema-instance" xsi:schemaLocation="http://www.knime.org/2008/09/XMLConfig http://www.knime.org/XMLConfig_2008_09.xsd" key="model.xml">
<entry key="version" type="xint" value="1"/>
<entry key="class_name" type="xstring" value="org.knime.base.data.normalize.NormalizerPortObject"/>
<config key="model">
<config key="columns">
<config key="Fixed_charge">
<entry key="column_name" type="xstring" value="Fixed_charge"/>
<entry key="column_scale" type="xdouble" value="1.3513513513513513"/>
<entry key="column_translate" type="xdouble" value="-1.0135135135135136"/>
<entry key="column_min" type="xdouble" value="0.0"/>
<entry key="column_max" type="xdouble" value="1.0"/>
</config>
<config key="RoR">
<entry key="column_name" type="xstring" value="RoR"/>
<entry key="column_scale" type="xdouble" value="0.1111111111111111"/>
<entry key="column_translate" type="xdouble" value="-0.7111111111111111"/>
<entry key="column_min" type="xdouble" value="0.0"/>
<entry key="column_max" type="xdouble" value="1.0"/>
</config>
<config key="Cost">
<entry key="column_name" type="xstring" value="Cost"/>
<entry key="column_scale" type="xdouble" value="0.00641025641025641"/>
<entry key="column_translate" type="xdouble" value="-0.6153846153846154"/>
<entry key="column_min" type="xdouble" value="0.0"/>
<entry key="column_max" type="xdouble" value="1.0"/>
</config>
<config key="Load">
<entry key="column_name" type="xstring" value="Load"/>
<entry key="column_scale" type="xdouble" value="0.05617977528089889"/>
<entry key="column_translate" type="xdouble" value="-2.7977528089887644"/>
<entry key="column_min" type="xdouble" value="0.0"/>
<entry key="column_max" type="xdouble" value="1.0"/>
</config>
<config key="ΔDemand">
<entry key="column_name" type="xstring" value="ΔDemand"/>
<entry key="column_scale" type="xdouble" value="0.08771929824561404"/>
<entry key="column_translate" type="xdouble" value="0.19298245614035092"/>
<entry key="column_min" type="xdouble" value="0.0"/>
<entry key="column_max" type="xdouble" value="1.0"/>
</config>
<config key="Sales">
<entry key="column_name" type="xstring" value="Sales"/>
<entry key="column_scale" type="xdouble" value="7.071635669330315E-5"/>
<entry key="column_translate" type="xdouble" value="-0.2333639770879004"/>
<entry key="column_min" type="xdouble" value="0.0"/>
<entry key="column_max" type="xdouble" value="1.0"/>
</config>
<config key="Nuclear">
<entry key="column_name" type="xstring" value="Nuclear"/>
<entry key="column_scale" type="xdouble" value="0.0199203187250996"/>
<entry key="column_translate" type="xdouble" value="0.0"/>
<entry key="column_min" type="xdouble" value="0.0"/>
<entry key="column_max" type="xdouble" value="1.0"/>
</config>
<config key="Fuel_Cost">
<entry key="column_name" type="xstring" value="Fuel_Cost"/>
<entry key="column_scale" type="xdouble" value="0.5534034311012728"/>
<entry key="column_translate" type="xdouble" value="-0.17100166021029328"/>
<entry key="column_min" type="xdouble" value="0.0"/>
<entry key="column_max" type="xdouble" value="1.0"/>
</config>
</config>
<entry key="summary" type="xstring" value="Min/Max (0.0, 1) normalization on 8 column(s)"/>
</config>
</config>
