<?xml version="1.0" encoding="UTF-8"?>
<config xmlns="http://www.knime.org/2008/09/XMLConfig" xmlns:xsi="http://www.w3.org/2001/XMLSchema-instance" xsi:schemaLocation="http://www.knime.org/2008/09/XMLConfig http://www.knime.org/XMLConfig_2008_09.xsd" key="MiningSchema">
<config key="learning">
<entry key="array-size" type="xint" value="22"/>
<entry key="0" type="xstring" value="cap_shape"/>
<entry key="1" type="xstring" value="cap_surface"/>
<entry key="2" type="xstring" value="cap_color"/>
<entry key="3" type="xstring" value="bruises"/>
<entry key="4" type="xstring" value="odor"/>
<entry key="5" type="xstring" value="gill_attachment"/>
<entry key="6" type="xstring" value="gill_spacing"/>
<entry key="7" type="xstring" value="gill_size"/>
<entry key="8" type="xstring" value="gill_color"/>
<entry key="9" type="xstring" value="stalk_shape"/>
<entry key="10" type="xstring" value="stalk_root"/>
<entry key="11" type="xstring" value="stalk_surface_above_ring"/>
<entry key="12" type="xstring" value="stalk_surface_below_ring"/>
<entry key="13" type="xstring" value="stalk_color_above_ring"/>
<entry key="14" type="xstring" value="stalk_color_below_ring"/>
<entry key="15" type="xstring" value="veil_type"/>
<entry key="16" type="xstring" value="veil_color"/>
<entry key="17" type="xstring" value="ring_number"/>
<entry key="18" type="xstring" value="ring_type"/>
<entry key="19" type="xstring" value="spore_print_color"/>
<entry key="20" type="xstring" value="population"/>
<entry key="21" type="xstring" value="habitat"/>
</config>
<config key="target">
<entry key="array-size" type="xint" value="1"/>
<entry key="0" type="xstring" value="type"/>
</config>
</config>
