<?xml version="1.0" encoding="UTF-8"?>
<config xmlns="http://www.knime.org/2008/09/XMLConfig" xmlns:xsi="http://www.w3.org/2001/XMLSchema-instance" xsi:schemaLocation="http://www.knime.org/2008/09/XMLConfig http://www.knime.org/XMLConfig_2008_09.xsd" key="model.xml">
<entry key="version" type="xint" value="1"/>
<entry key="class_name" type="xstring" value="org.knime.base.data.normalize.NormalizerPortObject"/>
<config key="model">
<config key="columns">
<config key="Alcohol">
<entry key="column_name" type="xstring" value="Alcohol"/>
<entry key="column_scale" type="xdouble" value="1.3140389897372833"/>
<entry key="column_translate" type="xdouble" value="-17.027582989710275"/>
<entry key="column_min" type="xdouble" value="NaN"/>
<entry key="column_max" type="xdouble" value="NaN"/>
</config>
<config key="Malic acid">
<entry key="column_name" type="xstring" value="Malic acid"/>
<entry key="column_scale" type="xdouble" value="0.813865580055051"/>
<entry key="column_translate" type="xdouble" value="-1.9652567619059667"/>
<entry key="column_min" type="xdouble" value="NaN"/>
<entry key="column_max" type="xdouble" value="NaN"/>
</config>
<config key="Ash">
<entry key="column_name" type="xstring" value="Ash"/>
<entry key="column_scale" type="xdouble" value="3.6025081378163972"/>
<entry key="column_translate" type="xdouble" value="-8.643995649783056"/>
<entry key="column_min" type="xdouble" value="NaN"/>
<entry key="column_max" type="xdouble" value="NaN"/>
</config>
<config key="Alcalinity of ash">
<entry key="column_name" type="xstring" value="Alcalinity of ash"/>
<entry key="column_scale" type="xdouble" value="0.2740544831836192"/>
<entry key="column_translate" type="xdouble" value="-5.454300068125223"/>
<entry key="column_min" type="xdouble" value="NaN"/>
<entry key="column_max" type="xdouble" value="NaN"/>
</config>
<config key="Magnesium">
<entry key="column_name" type="xstring" value="Magnesium"/>
<entry key="column_scale" type="xdouble" value="0.07816847276317501"/>
<entry key="column_translate" type="xdouble" value="-7.686859254194466"/>
<entry key="column_min" type="xdouble" value="NaN"/>
<entry key="column_max" type="xdouble" value="NaN"/>
</config>
<config key="Total phenols">
<entry key="column_name" type="xstring" value="Total phenols"/>
<entry key="column_scale" type="xdouble" value="1.6187581001324274"/>
<entry key="column_translate" type="xdouble" value="-3.6356579397243896"/>
<entry key="column_min" type="xdouble" value="NaN"/>
<entry key="column_max" type="xdouble" value="NaN"/>
</config>
<config key="Flavanoids">
<entry key="column_name" type="xstring" value="Flavanoids"/>
<entry key="column_scale" type="xdouble" value="0.966990309658227"/>
<entry key="column_translate" type="xdouble" value="-1.893453946788081"/>
<entry key="column_min" type="xdouble" value="NaN"/>
<entry key="column_max" type="xdouble" value="NaN"/>
</config>
<config key="Nonflavanoid phenols">
<entry key="column_name" type="xstring" value="Nonflavanoid phenols"/>
<entry key="column_scale" type="xdouble" value="7.7940596833269185"/>
<entry key="column_translate" type="xdouble" value="-2.8461453899789313"/>
<entry key="column_min" type="xdouble" value="NaN"/>
<entry key="column_max" type="xdouble" value="NaN"/>
</config>
<config key="Proanthocyanins">
<entry key="column_name" type="xstring" value="Proanthocyanins"/>
<entry key="column_scale" type="xdouble" value="1.8410994326603543"/>
<entry key="column_translate" type="xdouble" value="-2.821226299171002"/>
<entry key="column_min" type="xdouble" value="NaN"/>
<entry key="column_max" type="xdouble" value="NaN"/>
</config>
<config key="Color intensity">
<entry key="column_name" type="xstring" value="Color intensity"/>
<entry key="column_scale" type="xdouble" value="0.44034061368676486"/>
<entry key="column_translate" type="xdouble" value="-2.2606790247837827"/>
<entry key="column_min" type="xdouble" value="NaN"/>
<entry key="column_max" type="xdouble" value="NaN"/>
</config>
<config key="Hue">
<entry key="column_name" type="xstring" value="Hue"/>
<entry key="column_scale" type="xdouble" value="4.440635930357389"/>
<entry key="column_translate" type="xdouble" value="-4.126298780230965"/>
<entry key="column_min" type="xdouble" value="NaN"/>
<entry key="column_max" type="xdouble" value="NaN"/>
</config>
<config key="OD280/OD315 of diluted wines">
<entry key="column_name" type="xstring" value="OD280/OD315 of diluted wines"/>
<entry key="column_scale" type="xdouble" value="1.3437162968006302"/>
<entry key="column_translate" type="xdouble" value="-3.43221377249087"/>
<entry key="column_min" type="xdouble" value="NaN"/>
<entry key="column_max" type="xdouble" value="NaN"/>
</config>
<config key="Proline">
<entry key="column_name" type="xstring" value="Proline"/>
<entry key="column_scale" type="xdouble" value="0.003457945361513157"/>
<entry key="column_translate" type="xdouble" value="-2.448147609313979"/>
<entry key="column_min" type="xdouble" value="NaN"/>
<entry key="column_max" type="xdouble" value="NaN"/>
</config>
</config>
<entry key="summary" type="xstring" value="Z-Score (Gaussian) normalization on 13 column(s)"/>
</config>
</config>
