<?xml version="1.0" encoding="UTF-8"?>
<config xmlns="http://www.knime.org/2008/09/XMLConfig" xmlns:xsi="http://www.w3.org/2001/XMLSchema-instance" xsi:schemaLocation="http://www.knime.org/2008/09/XMLConfig http://www.knime.org/XMLConfig_2008_09.xsd" key="preprocessing">
<config key="preprocColumns">
<entry key="array-size" type="xint" value="9"/>
<entry key="0" type="xstring" value="Col0"/>
<entry key="1" type="xstring" value="Col3"/>
<entry key="2" type="xstring" value="Col4"/>
<entry key="3" type="xstring" value="Col5"/>
<entry key="4" type="xstring" value="Col6"/>
<entry key="5" type="xstring" value="Col8"/>
<entry key="6" type="xstring" value="Col9"/>
<entry key="7" type="xstring" value="Col11"/>
<entry key="8" type="xstring" value="Col12"/>
</config>
</config>
