<?xml version="1.0" encoding="UTF-8"?>
<config xmlns="http://www.knime.org/2008/09/XMLConfig" xmlns:xsi="http://www.w3.org/2001/XMLSchema-instance" xsi:schemaLocation="http://www.knime.org/2008/09/XMLConfig http://www.knime.org/XMLConfig_2008_09.xsd" key="model.xml">
<entry key="version" type="xint" value="1"/>
<entry key="class_name" type="xstring" value="org.knime.base.data.normalize.NormalizerPortObject"/>
<config key="model">
<config key="columns">
<config key="Col0">
<entry key="column_name" type="xstring" value="Col0"/>
<entry key="column_scale" type="xdouble" value="2.1780907809276004"/>
<entry key="column_translate" type="xdouble" value="-1.5222083718560027"/>
<entry key="column_min" type="xdouble" value="NaN"/>
<entry key="column_max" type="xdouble" value="NaN"/>
</config>
<config key="Col1">
<entry key="column_name" type="xstring" value="Col1"/>
<entry key="column_scale" type="xdouble" value="0.08359785686825973"/>
<entry key="column_translate" type="xdouble" value="-2.643131328930512"/>
<entry key="column_min" type="xdouble" value="NaN"/>
<entry key="column_max" type="xdouble" value="NaN"/>
</config>
<config key="Col2">
<entry key="column_name" type="xstring" value="Col2"/>
<entry key="column_scale" type="xdouble" value="0.20051068951577217"/>
<entry key="column_translate" type="xdouble" value="-0.9610047913358823"/>
<entry key="column_min" type="xdouble" value="NaN"/>
<entry key="column_max" type="xdouble" value="NaN"/>
</config>
<config key="Col3">
<entry key="column_name" type="xstring" value="Col3"/>
<entry key="column_scale" type="xdouble" value="2.304001757892615"/>
<entry key="column_translate" type="xdouble" value="-0.5639424592587398"/>
<entry key="column_min" type="xdouble" value="NaN"/>
<entry key="column_max" type="xdouble" value="NaN"/>
</config>
<config key="Col4">
<entry key="column_name" type="xstring" value="Col4"/>
<entry key="column_scale" type="xdouble" value="2.304001757892615"/>
<entry key="column_translate" type="xdouble" value="-0.5639424592587398"/>
<entry key="column_min" type="xdouble" value="NaN"/>
<entry key="column_max" type="xdouble" value="NaN"/>
</config>
<config key="Col5">
<entry key="column_name" type="xstring" value="Col5"/>
<entry key="column_scale" type="xdouble" value="0.26277963913045727"/>
<entry key="column_translate" type="xdouble" value="-1.5572126763286365"/>
<entry key="column_min" type="xdouble" value="NaN"/>
<entry key="column_max" type="xdouble" value="NaN"/>
</config>
<config key="Col6">
<entry key="column_name" type="xstring" value="Col6"/>
<entry key="column_scale" type="xdouble" value="0.8269626684074526"/>
<entry key="column_translate" type="xdouble" value="-1.0187221277483098"/>
<entry key="column_min" type="xdouble" value="NaN"/>
<entry key="column_max" type="xdouble" value="NaN"/>
</config>
<config key="Col7">
<entry key="column_name" type="xstring" value="Col7"/>
<entry key="column_scale" type="xdouble" value="0.29186840867033487"/>
<entry key="column_translate" type="xdouble" value="-0.6544643817186973"/>
<entry key="column_min" type="xdouble" value="NaN"/>
<entry key="column_max" type="xdouble" value="NaN"/>
</config>
<config key="Col8">
<entry key="column_name" type="xstring" value="Col8"/>
<entry key="column_scale" type="xdouble" value="2.000280563934887"/>
<entry key="column_translate" type="xdouble" value="-0.9566559218819025"/>
<entry key="column_min" type="xdouble" value="NaN"/>
<entry key="column_max" type="xdouble" value="NaN"/>
</config>
<config key="Col9">
<entry key="column_name" type="xstring" value="Col9"/>
<entry key="column_scale" type="xdouble" value="2.0264573955903535"/>
<entry key="column_translate" type="xdouble" value="-1.1812843433232008"/>
<entry key="column_min" type="xdouble" value="NaN"/>
<entry key="column_max" type="xdouble" value="NaN"/>
</config>
<config key="Col10">
<entry key="column_name" type="xstring" value="Col10"/>
<entry key="column_scale" type="xdouble" value="0.2020227134130517"/>
<entry key="column_translate" type="xdouble" value="-0.4746395150879908"/>
<entry key="column_min" type="xdouble" value="NaN"/>
<entry key="column_max" type="xdouble" value="NaN"/>
</config>
<config key="Col11">
<entry key="column_name" type="xstring" value="Col11"/>
<entry key="column_scale" type="xdouble" value="2.0068607612029186"/>
<entry key="column_translate" type="xdouble" value="-0.9113280751356246"/>
<entry key="column_min" type="xdouble" value="NaN"/>
<entry key="column_max" type="xdouble" value="NaN"/>
</config>
<config key="Col12">
<entry key="column_name" type="xstring" value="Col12"/>
<entry key="column_scale" type="xdouble" value="2.899025388938545"/>
<entry key="column_translate" type="xdouble" value="-0.312777296391115"/>
<entry key="column_min" type="xdouble" value="NaN"/>
<entry key="column_max" type="xdouble" value="NaN"/>
</config>
<config key="Col13">
<entry key="column_name" type="xstring" value="Col13"/>
<entry key="column_scale" type="xdouble" value="0.005712388615295385"/>
<entry key="column_translate" type="xdouble" value="-1.0413857128393544"/>
<entry key="column_min" type="xdouble" value="NaN"/>
<entry key="column_max" type="xdouble" value="NaN"/>
</config>
<config key="Col14">
<entry key="column_name" type="xstring" value="Col14"/>
<entry key="column_scale" type="xdouble" value="2.6929170713980126E-4"/>
<entry key="column_translate" type="xdouble" value="-0.23673863280280008"/>
<entry key="column_min" type="xdouble" value="NaN"/>
<entry key="column_max" type="xdouble" value="NaN"/>
</config>
</config>
<entry key="summary" type="xstring" value="Z-Score (Gaussian) normalization on 15 column(s)"/>
</config>
</config>
